dataset,video_id,label
celebdf,fake_id0_id16_0005,fake
celebdf,fake_id0_id16_0008,fake
celebdf,fake_id0_id17_0002,fake
celebdf,fake_id0_id1_0006,fake
celebdf,fake_id0_id20_0003,fake
celebdf,fake_id0_id20_0004,fake
celebdf,fake_id0_id20_0005,fake
celebdf,fake_id0_id21_0001,fake
celebdf,fake_id0_id21_0004,fake
celebdf,fake_id0_id23_0001,fake
celebdf,fake_id0_id23_0002,fake
celebdf,fake_id0_id23_0005,fake
celebdf,fake_id0_id26_0005,fake
celebdf,fake_id0_id26_0006,fake
celebdf,fake_id0_id28_0004,fake
celebdf,fake_id0_id28_0005,fake
celebdf,fake_id0_id28_0006,fake
celebdf,fake_id0_id28_0007,fake
celebdf,fake_id0_id2_0003,fake
celebdf,fake_id0_id2_0004,fake
celebdf,fake_id0_id2_0005,fake
celebdf,fake_id0_id2_0007,fake
celebdf,fake_id0_id3_0000,fake
celebdf,fake_id0_id3_0003,fake
celebdf,fake_id0_id3_0008,fake
celebdf,fake_id0_id4_0000,fake
celebdf,fake_id0_id4_0001,fake
celebdf,fake_id0_id4_0009,fake
celebdf,fake_id0_id6_0001,fake
celebdf,fake_id0_id6_0002,fake
celebdf,fake_id0_id9_0001,fake
celebdf,fake_id0_id9_0002,fake
celebdf,fake_id0_id9_0003,fake
celebdf,fake_id0_id9_0008,fake
celebdf,fake_id11_id7_0001,fake
celebdf,fake_id11_id7_0004,fake
celebdf,fake_id11_id7_0005,fake
celebdf,fake_id12_id10_0004,fake
celebdf,fake_id12_id7_0000,fake
celebdf,fake_id13_id10_0011,fake
celebdf,fake_id13_id10_0012,fake
celebdf,fake_id13_id10_0015,fake
celebdf,fake_id13_id7_0002,fake
celebdf,fake_id13_id7_0003,fake
celebdf,fake_id16_id0_0010,fake
celebdf,fake_id16_id0_0012,fake
celebdf,fake_id16_id0_0013,fake
celebdf,fake_id16_id17_0000,fake
celebdf,fake_id16_id17_0002,fake
celebdf,fake_id16_id17_0004,fake
celebdf,fake_id16_id17_0009,fake
celebdf,fake_id16_id1_0001,fake
celebdf,fake_id16_id1_0002,fake
celebdf,fake_id16_id1_0003,fake
celebdf,fake_id16_id1_0009,fake
celebdf,fake_id16_id20_0001,fake
celebdf,fake_id16_id20_0005,fake
celebdf,fake_id16_id20_0007,fake
celebdf,fake_id16_id20_0011,fake
celebdf,fake_id16_id21_0004,fake
celebdf,fake_id16_id21_0013,fake
celebdf,fake_id16_id23_0000,fake
celebdf,fake_id16_id23_0006,fake
celebdf,fake_id16_id23_0009,fake
celebdf,fake_id16_id26_0004,fake
celebdf,fake_id16_id26_0007,fake
celebdf,fake_id16_id26_0013,fake
celebdf,fake_id16_id28_0007,fake
celebdf,fake_id16_id28_0011,fake
celebdf,fake_id16_id2_0002,fake
celebdf,fake_id16_id2_0010,fake
celebdf,fake_id16_id30_0002,fake
celebdf,fake_id16_id30_0006,fake
celebdf,fake_id16_id30_0009,fake
celebdf,fake_id16_id30_0010,fake
celebdf,fake_id16_id30_0013,fake
celebdf,fake_id16_id31_0007,fake
celebdf,fake_id16_id31_0009,fake
celebdf,fake_id16_id31_0013,fake
celebdf,fake_id16_id35_0001,fake
celebdf,fake_id16_id35_0002,fake
celebdf,fake_id16_id35_0005,fake
celebdf,fake_id16_id35_0012,fake
celebdf,fake_id16_id37_0000,fake
celebdf,fake_id16_id3_0006,fake
celebdf,fake_id16_id3_0013,fake
celebdf,fake_id16_id6_0005,fake
celebdf,fake_id16_id6_0007,fake
celebdf,fake_id16_id6_0010,fake
celebdf,fake_id16_id6_0012,fake
celebdf,fake_id16_id6_0013,fake
celebdf,fake_id16_id9_0000,fake
celebdf,fake_id16_id9_0013,fake
celebdf,fake_id17_id0_0001,fake
celebdf,fake_id17_id0_0003,fake
celebdf,fake_id17_id0_0004,fake
celebdf,fake_id17_id0_0005,fake
celebdf,fake_id17_id16_0002,fake
celebdf,fake_id17_id16_0005,fake
celebdf,fake_id17_id20_0002,fake
celebdf,fake_id17_id20_0003,fake
celebdf,fake_id17_id20_0004,fake
celebdf,fake_id17_id20_0006,fake
celebdf,fake_id17_id21_0001,fake
celebdf,fake_id17_id21_0005,fake
celebdf,fake_id17_id21_0007,fake
celebdf,fake_id17_id23_0003,fake
celebdf,fake_id17_id26_0004,fake
celebdf,fake_id17_id28_0007,fake
celebdf,fake_id17_id28_0009,fake
celebdf,fake_id17_id2_0006,fake
celebdf,fake_id17_id30_0000,fake
celebdf,fake_id17_id30_0001,fake
celebdf,fake_id17_id30_0002,fake
celebdf,fake_id17_id30_0003,fake
celebdf,fake_id17_id30_0007,fake
celebdf,fake_id17_id31_0001,fake
celebdf,fake_id17_id31_0005,fake
celebdf,fake_id17_id31_0006,fake
celebdf,fake_id17_id35_0001,fake
celebdf,fake_id17_id35_0002,fake
celebdf,fake_id17_id3_0004,fake
celebdf,fake_id17_id3_0005,fake
celebdf,fake_id17_id6_0001,fake
celebdf,fake_id17_id6_0002,fake
celebdf,fake_id17_id6_0005,fake
celebdf,fake_id17_id9_0001,fake
celebdf,fake_id17_id9_0006,fake
celebdf,fake_id17_id9_0007,fake
celebdf,fake_id19_id20_0002,fake
celebdf,fake_id19_id20_0007,fake
celebdf,fake_id19_id22_0000,fake
celebdf,fake_id19_id22_0001,fake
celebdf,fake_id19_id22_0002,fake
celebdf,fake_id19_id23_0005,fake
celebdf,fake_id19_id23_0007,fake
celebdf,fake_id19_id23_0008,fake
celebdf,fake_id19_id24_0000,fake
celebdf,fake_id19_id24_0002,fake
celebdf,fake_id19_id25_0001,fake
celebdf,fake_id19_id25_0002,fake
celebdf,fake_id19_id25_0005,fake
celebdf,fake_id19_id25_0007,fake
celebdf,fake_id19_id26_0001,fake
celebdf,fake_id19_id26_0006,fake
celebdf,fake_id19_id27_0006,fake
celebdf,fake_id19_id27_0009,fake
celebdf,fake_id19_id28_0001,fake
celebdf,fake_id19_id28_0006,fake
celebdf,fake_id1_id0_0001,fake
celebdf,fake_id1_id16_0009,fake
celebdf,fake_id1_id17_0000,fake
celebdf,fake_id1_id17_0003,fake
celebdf,fake_id1_id17_0005,fake
celebdf,fake_id1_id17_0006,fake
celebdf,fake_id1_id20_0005,fake
celebdf,fake_id1_id20_0006,fake
celebdf,fake_id1_id21_0001,fake
celebdf,fake_id1_id23_0009,fake
celebdf,fake_id1_id26_0003,fake
celebdf,fake_id1_id26_0008,fake
celebdf,fake_id1_id28_0002,fake
celebdf,fake_id1_id28_0005,fake
celebdf,fake_id1_id28_0007,fake
celebdf,fake_id1_id2_0001,fake
celebdf,fake_id1_id2_0003,fake
celebdf,fake_id1_id2_0004,fake
celebdf,fake_id1_id30_0001,fake
celebdf,fake_id1_id30_0004,fake
celebdf,fake_id1_id30_0007,fake
celebdf,fake_id1_id31_0000,fake
celebdf,fake_id1_id31_0001,fake
celebdf,fake_id1_id31_0002,fake
celebdf,fake_id1_id31_0006,fake
celebdf,fake_id1_id31_0009,fake
celebdf,fake_id1_id35_0001,fake
celebdf,fake_id1_id3_0000,fake
celebdf,fake_id1_id6_0003,fake
celebdf,fake_id1_id6_0005,fake
celebdf,fake_id1_id6_0006,fake
celebdf,fake_id1_id6_0007,fake
celebdf,fake_id1_id6_0009,fake
celebdf,fake_id1_id9_0000,fake
celebdf,fake_id20_id0_0005,fake
celebdf,fake_id20_id16_0000,fake
celebdf,fake_id20_id16_0001,fake
celebdf,fake_id20_id16_0003,fake
celebdf,fake_id20_id17_0006,fake
celebdf,fake_id20_id19_0005,fake
celebdf,fake_id20_id19_0006,fake
celebdf,fake_id20_id1_0006,fake
celebdf,fake_id20_id1_0009,fake
celebdf,fake_id20_id21_0002,fake
celebdf,fake_id20_id21_0003,fake
celebdf,fake_id20_id22_0002,fake
celebdf,fake_id20_id22_0006,fake
celebdf,fake_id20_id22_0008,fake
celebdf,fake_id20_id22_0009,fake
celebdf,fake_id20_id23_0003,fake
celebdf,fake_id20_id24_0000,fake
celebdf,fake_id20_id24_0001,fake
celebdf,fake_id20_id24_0006,fake
celebdf,fake_id20_id24_0008,fake
celebdf,fake_id20_id25_0003,fake
celebdf,fake_id20_id25_0005,fake
celebdf,fake_id20_id25_0006,fake
celebdf,fake_id20_id26_0008,fake
celebdf,fake_id20_id26_0009,fake
celebdf,fake_id20_id28_0005,fake
celebdf,fake_id20_id28_0006,fake
celebdf,fake_id20_id28_0009,fake
celebdf,fake_id20_id29_0003,fake
celebdf,fake_id20_id29_0009,fake
celebdf,fake_id20_id2_0006,fake
celebdf,fake_id20_id30_0008,fake
celebdf,fake_id20_id30_0009,fake
celebdf,fake_id20_id31_0001,fake
celebdf,fake_id20_id31_0003,fake
celebdf,fake_id20_id32_0008,fake
celebdf,fake_id20_id32_0009,fake
celebdf,fake_id20_id33_0006,fake
celebdf,fake_id20_id34_0000,fake
celebdf,fake_id20_id35_0001,fake
celebdf,fake_id20_id35_0004,fake
celebdf,fake_id20_id35_0007,fake
celebdf,fake_id20_id35_0008,fake
celebdf,fake_id20_id38_0002,fake
celebdf,fake_id20_id38_0006,fake
celebdf,fake_id20_id3_0000,fake
celebdf,fake_id20_id3_0002,fake
celebdf,fake_id20_id3_0008,fake
celebdf,fake_id20_id4_0001,fake
celebdf,fake_id20_id4_0003,fake
celebdf,fake_id20_id4_0005,fake
celebdf,fake_id20_id4_0007,fake
celebdf,fake_id20_id6_0000,fake
celebdf,fake_id20_id6_0006,fake
celebdf,fake_id20_id6_0008,fake
celebdf,fake_id20_id9_0000,fake
celebdf,fake_id20_id9_0001,fake
celebdf,fake_id20_id9_0003,fake
celebdf,fake_id21_id0_0002,fake
celebdf,fake_id21_id0_0006,fake
celebdf,fake_id21_id0_0009,fake
celebdf,fake_id21_id16_0006,fake
celebdf,fake_id21_id16_0007,fake
celebdf,fake_id21_id16_0008,fake
celebdf,fake_id21_id17_0005,fake
celebdf,fake_id21_id17_0007,fake
celebdf,fake_id21_id17_0008,fake
celebdf,fake_id21_id19_0007,fake
celebdf,fake_id21_id1_0000,fake
celebdf,fake_id21_id1_0001,fake
celebdf,fake_id21_id1_0002,fake
celebdf,fake_id21_id1_0005,fake
celebdf,fake_id21_id1_0008,fake
celebdf,fake_id21_id20_0000,fake
celebdf,fake_id21_id20_0002,fake
celebdf,fake_id21_id20_0005,fake
celebdf,fake_id21_id20_0008,fake
celebdf,fake_id21_id23_0006,fake
celebdf,fake_id21_id23_0007,fake
celebdf,fake_id21_id23_0009,fake
celebdf,fake_id21_id24_0000,fake
celebdf,fake_id21_id24_0001,fake
celebdf,fake_id21_id24_0002,fake
celebdf,fake_id21_id24_0006,fake
celebdf,fake_id21_id25_0008,fake
celebdf,fake_id21_id26_0005,fake
celebdf,fake_id21_id26_0008,fake
celebdf,fake_id21_id26_0009,fake
celebdf,fake_id21_id27_0005,fake
celebdf,fake_id21_id27_0007,fake
celebdf,fake_id21_id27_0008,fake
celebdf,fake_id21_id27_0009,fake
celebdf,fake_id21_id28_0005,fake
celebdf,fake_id21_id28_0006,fake
celebdf,fake_id21_id28_0007,fake
celebdf,fake_id21_id29_0005,fake
celebdf,fake_id21_id29_0007,fake
celebdf,fake_id21_id29_0009,fake
celebdf,fake_id21_id2_0008,fake
celebdf,fake_id21_id2_0009,fake
celebdf,fake_id21_id30_0000,fake
celebdf,fake_id21_id30_0002,fake
celebdf,fake_id21_id30_0005,fake
celebdf,fake_id21_id30_0006,fake
celebdf,fake_id21_id30_0007,fake
celebdf,fake_id21_id30_0008,fake
celebdf,fake_id21_id31_0001,fake
celebdf,fake_id21_id31_0002,fake
celebdf,fake_id21_id31_0006,fake
celebdf,fake_id21_id31_0009,fake
celebdf,fake_id21_id32_0006,fake
celebdf,fake_id21_id32_0008,fake
celebdf,fake_id21_id33_0001,fake
celebdf,fake_id21_id33_0002,fake
celebdf,fake_id21_id34_0009,fake
celebdf,fake_id21_id35_0002,fake
celebdf,fake_id21_id35_0005,fake
celebdf,fake_id21_id35_0007,fake
celebdf,fake_id21_id37_0000,fake
celebdf,fake_id21_id37_0002,fake
celebdf,fake_id21_id37_0005,fake
celebdf,fake_id21_id37_0009,fake
celebdf,fake_id21_id38_0001,fake
celebdf,fake_id21_id38_0004,fake
celebdf,fake_id21_id38_0005,fake
celebdf,fake_id21_id38_0006,fake
celebdf,fake_id21_id3_0002,fake
celebdf,fake_id21_id3_0008,fake
celebdf,fake_id21_id4_0005,fake
celebdf,fake_id21_id4_0008,fake
celebdf,fake_id21_id6_0006,fake
celebdf,fake_id21_id9_0001,fake
celebdf,fake_id21_id9_0002,fake
celebdf,fake_id22_id19_0002,fake
celebdf,fake_id22_id19_0004,fake
celebdf,fake_id22_id19_0009,fake
celebdf,fake_id22_id21_0002,fake
celebdf,fake_id22_id21_0004,fake
celebdf,fake_id22_id24_0002,fake
celebdf,fake_id22_id25_0002,fake
celebdf,fake_id22_id25_0003,fake
celebdf,fake_id22_id25_0006,fake
celebdf,fake_id22_id26_0001,fake
celebdf,fake_id22_id26_0003,fake
celebdf,fake_id22_id26_0004,fake
celebdf,fake_id22_id27_0004,fake
celebdf,fake_id22_id28_0001,fake
celebdf,fake_id22_id28_0002,fake
celebdf,fake_id22_id28_0008,fake
celebdf,fake_id23_id0_0002,fake
celebdf,fake_id23_id0_0004,fake
celebdf,fake_id23_id0_0005,fake
celebdf,fake_id23_id0_0006,fake
celebdf,fake_id23_id0_0007,fake
celebdf,fake_id23_id0_0008,fake
celebdf,fake_id23_id16_0001,fake
celebdf,fake_id23_id17_0003,fake
celebdf,fake_id23_id17_0004,fake
celebdf,fake_id23_id17_0007,fake
celebdf,fake_id23_id1_0000,fake
celebdf,fake_id23_id20_0000,fake
celebdf,fake_id23_id20_0001,fake
celebdf,fake_id23_id20_0009,fake
celebdf,fake_id23_id21_0000,fake
celebdf,fake_id23_id21_0007,fake
celebdf,fake_id23_id22_0007,fake
celebdf,fake_id23_id24_0004,fake
celebdf,fake_id23_id24_0005,fake
celebdf,fake_id23_id25_0001,fake
celebdf,fake_id23_id25_0002,fake
celebdf,fake_id23_id26_0001,fake
celebdf,fake_id23_id26_0002,fake
celebdf,fake_id23_id26_0009,fake
celebdf,fake_id23_id27_0000,fake
celebdf,fake_id23_id28_0003,fake
celebdf,fake_id23_id28_0005,fake
celebdf,fake_id23_id29_0004,fake
celebdf,fake_id23_id29_0007,fake
celebdf,fake_id23_id2_0000,fake
celebdf,fake_id23_id2_0002,fake
celebdf,fake_id23_id2_0003,fake
celebdf,fake_id23_id30_0000,fake
celebdf,fake_id23_id30_0002,fake
celebdf,fake_id23_id30_0005,fake
celebdf,fake_id23_id31_0005,fake
celebdf,fake_id23_id31_0007,fake
celebdf,fake_id23_id32_0007,fake
celebdf,fake_id23_id33_0000,fake
celebdf,fake_id23_id33_0003,fake
celebdf,fake_id23_id34_0001,fake
celebdf,fake_id23_id34_0005,fake
celebdf,fake_id23_id35_0000,fake
celebdf,fake_id23_id35_0002,fake
celebdf,fake_id23_id35_0003,fake
celebdf,fake_id23_id35_0004,fake
celebdf,fake_id23_id37_0006,fake
celebdf,fake_id23_id38_0004,fake
celebdf,fake_id23_id38_0005,fake
celebdf,fake_id23_id3_0002,fake
celebdf,fake_id23_id4_0002,fake
celebdf,fake_id23_id4_0003,fake
celebdf,fake_id23_id4_0009,fake
celebdf,fake_id23_id6_0009,fake
celebdf,fake_id23_id9_0001,fake
celebdf,fake_id23_id9_0004,fake
celebdf,fake_id23_id9_0005,fake
celebdf,fake_id23_id9_0006,fake
celebdf,fake_id23_id9_0008,fake
celebdf,fake_id23_id9_0009,fake
celebdf,fake_id24_id19_0003,fake
celebdf,fake_id24_id19_0009,fake
celebdf,fake_id24_id20_0002,fake
celebdf,fake_id24_id20_0003,fake
celebdf,fake_id24_id20_0004,fake
celebdf,fake_id24_id20_0006,fake
celebdf,fake_id24_id20_0008,fake
celebdf,fake_id24_id21_0000,fake
celebdf,fake_id24_id21_0005,fake
celebdf,fake_id24_id22_0001,fake
celebdf,fake_id24_id22_0004,fake
celebdf,fake_id24_id23_0000,fake
celebdf,fake_id24_id23_0003,fake
celebdf,fake_id24_id23_0009,fake
celebdf,fake_id24_id25_0002,fake
celebdf,fake_id24_id25_0007,fake
celebdf,fake_id24_id26_0003,fake
celebdf,fake_id24_id26_0005,fake
celebdf,fake_id24_id26_0006,fake
celebdf,fake_id24_id27_0000,fake
celebdf,fake_id24_id27_0008,fake
celebdf,fake_id24_id28_0000,fake
celebdf,fake_id24_id28_0002,fake
celebdf,fake_id24_id28_0009,fake
celebdf,fake_id25_id19_0007,fake
celebdf,fake_id25_id20_0008,fake
celebdf,fake_id25_id21_0003,fake
celebdf,fake_id25_id22_0003,fake
celebdf,fake_id25_id22_0010,fake
celebdf,fake_id25_id23_0007,fake
celebdf,fake_id25_id23_0008,fake
celebdf,fake_id25_id24_0005,fake
celebdf,fake_id25_id24_0008,fake
celebdf,fake_id25_id24_0010,fake
celebdf,fake_id25_id26_0000,fake
celebdf,fake_id25_id26_0004,fake
celebdf,fake_id25_id27_0004,fake
celebdf,fake_id25_id28_0000,fake
celebdf,fake_id25_id28_0005,fake
celebdf,fake_id25_id28_0007,fake
celebdf,fake_id26_id0_0001,fake
celebdf,fake_id26_id0_0003,fake
celebdf,fake_id26_id0_0009,fake
celebdf,fake_id26_id16_0000,fake
celebdf,fake_id26_id16_0004,fake
celebdf,fake_id26_id17_0004,fake
celebdf,fake_id26_id17_0006,fake
celebdf,fake_id26_id19_0002,fake
celebdf,fake_id26_id19_0004,fake
celebdf,fake_id26_id1_0000,fake
celebdf,fake_id26_id1_0003,fake
celebdf,fake_id26_id1_0009,fake
celebdf,fake_id26_id20_0005,fake
celebdf,fake_id26_id20_0008,fake
celebdf,fake_id26_id21_0005,fake
celebdf,fake_id26_id22_0009,fake
celebdf,fake_id26_id23_0001,fake
celebdf,fake_id26_id23_0004,fake
celebdf,fake_id26_id24_0001,fake
celebdf,fake_id26_id24_0009,fake
celebdf,fake_id26_id25_0002,fake
celebdf,fake_id26_id25_0003,fake
celebdf,fake_id26_id25_0005,fake
celebdf,fake_id26_id25_0006,fake
celebdf,fake_id26_id27_0000,fake
celebdf,fake_id26_id27_0004,fake
celebdf,fake_id26_id28_0001,fake
celebdf,fake_id26_id28_0003,fake
celebdf,fake_id26_id2_0002,fake
celebdf,fake_id26_id2_0003,fake
celebdf,fake_id26_id2_0009,fake
celebdf,fake_id26_id30_0000,fake
celebdf,fake_id26_id30_0006,fake
celebdf,fake_id26_id30_0009,fake
celebdf,fake_id26_id31_0002,fake
celebdf,fake_id26_id31_0003,fake
celebdf,fake_id26_id31_0004,fake
celebdf,fake_id26_id31_0005,fake
celebdf,fake_id26_id31_0008,fake
celebdf,fake_id26_id32_0001,fake
celebdf,fake_id26_id32_0004,fake
celebdf,fake_id26_id35_0001,fake
celebdf,fake_id26_id35_0002,fake
celebdf,fake_id26_id35_0003,fake
celebdf,fake_id26_id35_0004,fake
celebdf,fake_id26_id35_0005,fake
celebdf,fake_id26_id37_0006,fake
celebdf,fake_id26_id38_0002,fake
celebdf,fake_id26_id3_0008,fake
celebdf,fake_id26_id4_0002,fake
celebdf,fake_id26_id4_0003,fake
celebdf,fake_id26_id4_0004,fake
celebdf,fake_id26_id4_0006,fake
celebdf,fake_id26_id6_0002,fake
celebdf,fake_id26_id9_0000,fake
celebdf,fake_id26_id9_0002,fake
celebdf,fake_id26_id9_0003,fake
celebdf,fake_id26_id9_0004,fake
celebdf,fake_id26_id9_0005,fake
celebdf,fake_id26_id9_0006,fake
celebdf,fake_id26_id9_0009,fake
celebdf,fake_id27_id19_0003,fake
celebdf,fake_id27_id19_0006,fake
celebdf,fake_id27_id20_0000,fake
celebdf,fake_id27_id20_0009,fake
celebdf,fake_id27_id21_0000,fake
celebdf,fake_id27_id21_0001,fake
celebdf,fake_id27_id21_0007,fake
celebdf,fake_id27_id22_0000,fake
celebdf,fake_id27_id22_0002,fake
celebdf,fake_id27_id22_0004,fake
celebdf,fake_id27_id22_0006,fake
celebdf,fake_id27_id22_0008,fake
celebdf,fake_id27_id23_0006,fake
celebdf,fake_id27_id23_0009,fake
celebdf,fake_id27_id25_0001,fake
celebdf,fake_id27_id26_0007,fake
celebdf,fake_id27_id26_0008,fake
celebdf,fake_id27_id28_0003,fake
celebdf,fake_id28_id0_0002,fake
celebdf,fake_id28_id16_0000,fake
celebdf,fake_id28_id16_0003,fake
celebdf,fake_id28_id19_0000,fake
celebdf,fake_id28_id19_0003,fake
celebdf,fake_id28_id20_0002,fake
celebdf,fake_id28_id20_0009,fake
celebdf,fake_id28_id21_0001,fake
celebdf,fake_id28_id21_0008,fake
celebdf,fake_id28_id22_0001,fake
celebdf,fake_id28_id22_0004,fake
celebdf,fake_id28_id22_0006,fake
celebdf,fake_id28_id23_0000,fake
celebdf,fake_id28_id23_0006,fake
celebdf,fake_id28_id24_0008,fake
celebdf,fake_id28_id25_0000,fake
celebdf,fake_id28_id25_0002,fake
celebdf,fake_id28_id25_0004,fake
celebdf,fake_id28_id25_0005,fake
celebdf,fake_id28_id26_0008,fake
celebdf,fake_id28_id27_0002,fake
celebdf,fake_id28_id27_0008,fake
celebdf,fake_id28_id29_0000,fake
celebdf,fake_id28_id29_0009,fake
celebdf,fake_id28_id2_0005,fake
celebdf,fake_id28_id2_0009,fake
celebdf,fake_id28_id30_0000,fake
celebdf,fake_id28_id30_0001,fake
celebdf,fake_id28_id30_0003,fake
celebdf,fake_id28_id30_0007,fake
celebdf,fake_id28_id30_0009,fake
celebdf,fake_id28_id31_0004,fake
celebdf,fake_id28_id32_0000,fake
celebdf,fake_id28_id32_0006,fake
celebdf,fake_id28_id32_0007,fake
celebdf,fake_id28_id33_0000,fake
celebdf,fake_id28_id33_0007,fake
celebdf,fake_id28_id33_0009,fake
celebdf,fake_id28_id34_0000,fake
celebdf,fake_id28_id34_0001,fake
celebdf,fake_id28_id34_0003,fake
celebdf,fake_id28_id34_0006,fake
celebdf,fake_id28_id34_0009,fake
celebdf,fake_id28_id35_0005,fake
celebdf,fake_id28_id35_0009,fake
celebdf,fake_id28_id37_0001,fake
celebdf,fake_id28_id37_0003,fake
celebdf,fake_id28_id37_0006,fake
celebdf,fake_id28_id38_0000,fake
celebdf,fake_id28_id38_0004,fake
celebdf,fake_id28_id38_0006,fake
celebdf,fake_id28_id38_0008,fake
celebdf,fake_id28_id38_0009,fake
celebdf,fake_id28_id3_0007,fake
celebdf,fake_id28_id4_0003,fake
celebdf,fake_id28_id4_0008,fake
celebdf,fake_id28_id6_0002,fake
celebdf,fake_id28_id6_0004,fake
celebdf,fake_id28_id6_0009,fake
celebdf,fake_id28_id9_0001,fake
celebdf,fake_id28_id9_0005,fake
celebdf,fake_id28_id9_0007,fake
celebdf,fake_id28_id9_0008,fake
celebdf,fake_id28_id9_0009,fake
celebdf,fake_id29_id20_0007,fake
celebdf,fake_id29_id20_0008,fake
celebdf,fake_id29_id20_0009,fake
celebdf,fake_id29_id21_0003,fake
celebdf,fake_id29_id21_0005,fake
celebdf,fake_id29_id23_0002,fake
celebdf,fake_id29_id23_0005,fake
celebdf,fake_id29_id26_0005,fake
celebdf,fake_id29_id28_0003,fake
celebdf,fake_id29_id28_0005,fake
celebdf,fake_id29_id28_0007,fake
celebdf,fake_id29_id30_0002,fake
celebdf,fake_id29_id30_0004,fake
celebdf,fake_id29_id30_0005,fake
celebdf,fake_id29_id30_0008,fake
celebdf,fake_id29_id31_0000,fake
celebdf,fake_id29_id32_0002,fake
celebdf,fake_id29_id32_0005,fake
celebdf,fake_id29_id32_0006,fake
celebdf,fake_id29_id32_0007,fake
celebdf,fake_id29_id33_0005,fake
celebdf,fake_id29_id33_0006,fake
celebdf,fake_id29_id34_0000,fake
celebdf,fake_id29_id34_0003,fake
celebdf,fake_id29_id35_0003,fake
celebdf,fake_id29_id35_0005,fake
celebdf,fake_id29_id35_0006,fake
celebdf,fake_id29_id35_0007,fake
celebdf,fake_id29_id35_0009,fake
celebdf,fake_id29_id37_0002,fake
celebdf,fake_id29_id38_0000,fake
celebdf,fake_id29_id38_0004,fake
celebdf,fake_id29_id38_0005,fake
celebdf,fake_id29_id38_0009,fake
celebdf,fake_id2_id0_0000,fake
celebdf,fake_id2_id0_0003,fake
celebdf,fake_id2_id0_0004,fake
celebdf,fake_id2_id16_0001,fake
celebdf,fake_id2_id16_0005,fake
celebdf,fake_id2_id17_0005,fake
celebdf,fake_id2_id1_0001,fake
celebdf,fake_id2_id1_0006,fake
celebdf,fake_id2_id1_0009,fake
celebdf,fake_id2_id20_0003,fake
celebdf,fake_id2_id20_0007,fake
celebdf,fake_id2_id20_0008,fake
celebdf,fake_id2_id21_0001,fake
celebdf,fake_id2_id23_0004,fake
celebdf,fake_id2_id23_0005,fake
celebdf,fake_id2_id23_0006,fake
celebdf,fake_id2_id23_0009,fake
celebdf,fake_id2_id26_0007,fake
celebdf,fake_id2_id26_0008,fake
celebdf,fake_id2_id28_0001,fake
celebdf,fake_id2_id28_0004,fake
celebdf,fake_id2_id28_0006,fake
celebdf,fake_id2_id28_0007,fake
celebdf,fake_id2_id30_0001,fake
celebdf,fake_id2_id30_0004,fake
celebdf,fake_id2_id30_0005,fake
celebdf,fake_id2_id30_0007,fake
celebdf,fake_id2_id30_0009,fake
celebdf,fake_id2_id35_0006,fake
celebdf,fake_id2_id37_0000,fake
celebdf,fake_id2_id37_0002,fake
celebdf,fake_id2_id37_0006,fake
celebdf,fake_id2_id37_0007,fake
celebdf,fake_id2_id37_0009,fake
celebdf,fake_id2_id3_0000,fake
celebdf,fake_id2_id3_0004,fake
celebdf,fake_id2_id3_0005,fake
celebdf,fake_id2_id3_0009,fake
celebdf,fake_id2_id4_0007,fake
celebdf,fake_id2_id4_0008,fake
celebdf,fake_id2_id4_0009,fake
celebdf,fake_id2_id6_0009,fake
celebdf,fake_id2_id9_0000,fake
celebdf,fake_id2_id9_0009,fake
celebdf,fake_id30_id16_0001,fake
celebdf,fake_id30_id16_0009,fake
celebdf,fake_id30_id17_0000,fake
celebdf,fake_id30_id17_0001,fake
celebdf,fake_id30_id17_0004,fake
celebdf,fake_id30_id20_0005,fake
celebdf,fake_id30_id20_0007,fake
celebdf,fake_id30_id21_0001,fake
celebdf,fake_id30_id21_0003,fake
celebdf,fake_id30_id23_0004,fake
celebdf,fake_id30_id26_0000,fake
celebdf,fake_id30_id26_0005,fake
celebdf,fake_id30_id28_0003,fake
celebdf,fake_id30_id28_0005,fake
celebdf,fake_id30_id28_0007,fake
celebdf,fake_id30_id28_0008,fake
celebdf,fake_id30_id28_0009,fake
celebdf,fake_id30_id29_0001,fake
celebdf,fake_id30_id2_0001,fake
celebdf,fake_id30_id2_0004,fake
celebdf,fake_id30_id2_0009,fake
celebdf,fake_id30_id31_0006,fake
celebdf,fake_id30_id32_0005,fake
celebdf,fake_id30_id32_0008,fake
celebdf,fake_id30_id33_0003,fake
celebdf,fake_id30_id33_0006,fake
celebdf,fake_id30_id34_0002,fake
celebdf,fake_id30_id34_0005,fake
celebdf,fake_id30_id35_0002,fake
celebdf,fake_id30_id35_0004,fake
celebdf,fake_id30_id37_0000,fake
celebdf,fake_id30_id37_0004,fake
celebdf,fake_id30_id37_0005,fake
celebdf,fake_id30_id38_0005,fake
celebdf,fake_id30_id38_0007,fake
celebdf,fake_id30_id3_0001,fake
celebdf,fake_id30_id3_0008,fake
celebdf,fake_id30_id4_0000,fake
celebdf,fake_id30_id4_0006,fake
celebdf,fake_id30_id4_0007,fake
celebdf,fake_id30_id6_0000,fake
celebdf,fake_id30_id6_0002,fake
celebdf,fake_id30_id6_0006,fake
celebdf,fake_id30_id6_0009,fake
celebdf,fake_id30_id9_0000,fake
celebdf,fake_id30_id9_0004,fake
celebdf,fake_id31_id16_0001,fake
celebdf,fake_id31_id16_0009,fake
celebdf,fake_id31_id1_0000,fake
celebdf,fake_id31_id1_0001,fake
celebdf,fake_id31_id1_0004,fake
celebdf,fake_id31_id1_0005,fake
celebdf,fake_id31_id1_0008,fake
celebdf,fake_id31_id1_0009,fake
celebdf,fake_id31_id20_0000,fake
celebdf,fake_id31_id20_0001,fake
celebdf,fake_id31_id20_0008,fake
celebdf,fake_id31_id21_0001,fake
celebdf,fake_id31_id21_0003,fake
celebdf,fake_id31_id21_0004,fake
celebdf,fake_id31_id21_0007,fake
celebdf,fake_id31_id23_0003,fake
celebdf,fake_id31_id26_0001,fake
celebdf,fake_id31_id28_0006,fake
celebdf,fake_id31_id29_0001,fake
celebdf,fake_id31_id29_0009,fake
celebdf,fake_id31_id2_0005,fake
celebdf,fake_id31_id30_0001,fake
celebdf,fake_id31_id30_0003,fake
celebdf,fake_id31_id32_0001,fake
celebdf,fake_id31_id33_0000,fake
celebdf,fake_id31_id33_0001,fake
celebdf,fake_id31_id33_0005,fake
celebdf,fake_id31_id33_0007,fake
celebdf,fake_id31_id34_0002,fake
celebdf,fake_id31_id34_0005,fake
celebdf,fake_id31_id34_0007,fake
celebdf,fake_id31_id34_0009,fake
celebdf,fake_id31_id35_0005,fake
celebdf,fake_id31_id37_0001,fake
celebdf,fake_id31_id37_0002,fake
celebdf,fake_id31_id37_0009,fake
celebdf,fake_id31_id38_0005,fake
celebdf,fake_id31_id3_0001,fake
celebdf,fake_id31_id6_0002,fake
celebdf,fake_id31_id6_0003,fake
celebdf,fake_id31_id6_0004,fake
celebdf,fake_id31_id6_0009,fake
celebdf,fake_id31_id9_0003,fake
celebdf,fake_id31_id9_0005,fake
celebdf,fake_id31_id9_0007,fake
celebdf,fake_id32_id20_0007,fake
celebdf,fake_id32_id23_0000,fake
celebdf,fake_id32_id23_0006,fake
celebdf,fake_id32_id26_0002,fake
celebdf,fake_id32_id26_0005,fake
celebdf,fake_id32_id26_0006,fake
celebdf,fake_id32_id26_0008,fake
celebdf,fake_id32_id28_0007,fake
celebdf,fake_id32_id28_0008,fake
celebdf,fake_id32_id29_0002,fake
celebdf,fake_id32_id29_0005,fake
celebdf,fake_id32_id30_0002,fake
celebdf,fake_id32_id30_0003,fake
celebdf,fake_id32_id30_0004,fake
celebdf,fake_id32_id30_0007,fake
celebdf,fake_id32_id33_0005,fake
celebdf,fake_id32_id34_0000,fake
celebdf,fake_id32_id34_0002,fake
celebdf,fake_id32_id34_0005,fake
celebdf,fake_id32_id34_0007,fake
celebdf,fake_id32_id34_0008,fake
celebdf,fake_id32_id35_0001,fake
celebdf,fake_id32_id35_0008,fake
celebdf,fake_id33_id20_0004,fake
celebdf,fake_id33_id20_0009,fake
celebdf,fake_id33_id21_0001,fake
celebdf,fake_id33_id23_0001,fake
celebdf,fake_id33_id23_0003,fake
celebdf,fake_id33_id23_0008,fake
celebdf,fake_id33_id26_0003,fake
celebdf,fake_id33_id28_0003,fake
celebdf,fake_id33_id28_0005,fake
celebdf,fake_id33_id28_0008,fake
celebdf,fake_id33_id29_0007,fake
celebdf,fake_id33_id31_0001,fake
celebdf,fake_id33_id31_0004,fake
celebdf,fake_id33_id31_0007,fake
celebdf,fake_id33_id32_0003,fake
celebdf,fake_id33_id32_0004,fake
celebdf,fake_id33_id32_0008,fake
celebdf,fake_id33_id32_0009,fake
celebdf,fake_id33_id34_0000,fake
celebdf,fake_id33_id34_0005,fake
celebdf,fake_id33_id35_0002,fake
celebdf,fake_id33_id35_0004,fake
celebdf,fake_id33_id35_0007,fake
celebdf,fake_id33_id35_0009,fake
celebdf,fake_id33_id37_0004,fake
celebdf,fake_id34_id20_0002,fake
celebdf,fake_id34_id20_0003,fake
celebdf,fake_id34_id21_0002,fake
celebdf,fake_id34_id23_0008,fake
celebdf,fake_id34_id28_0003,fake
celebdf,fake_id34_id28_0005,fake
celebdf,fake_id34_id30_0000,fake
celebdf,fake_id34_id30_0001,fake
celebdf,fake_id34_id30_0004,fake
celebdf,fake_id34_id30_0005,fake
celebdf,fake_id34_id30_0009,fake
celebdf,fake_id34_id31_0002,fake
celebdf,fake_id34_id31_0005,fake
celebdf,fake_id34_id31_0006,fake
celebdf,fake_id34_id32_0008,fake
celebdf,fake_id34_id33_0001,fake
celebdf,fake_id34_id33_0003,fake
celebdf,fake_id34_id33_0004,fake
celebdf,fake_id34_id33_0007,fake
celebdf,fake_id34_id33_0009,fake
celebdf,fake_id34_id35_0003,fake
celebdf,fake_id34_id37_0001,fake
celebdf,fake_id34_id37_0005,fake
celebdf,fake_id34_id37_0006,fake
celebdf,fake_id34_id37_0008,fake
celebdf,fake_id35_id17_0007,fake
celebdf,fake_id35_id17_0009,fake
celebdf,fake_id35_id1_0002,fake
celebdf,fake_id35_id1_0008,fake
celebdf,fake_id35_id20_0003,fake
celebdf,fake_id35_id21_0000,fake
celebdf,fake_id35_id21_0002,fake
celebdf,fake_id35_id23_0005,fake
celebdf,fake_id35_id23_0006,fake
celebdf,fake_id35_id23_0008,fake
celebdf,fake_id35_id26_0008,fake
celebdf,fake_id35_id28_0003,fake
celebdf,fake_id35_id28_0007,fake
celebdf,fake_id35_id29_0002,fake
celebdf,fake_id35_id29_0006,fake
celebdf,fake_id35_id29_0007,fake
celebdf,fake_id35_id2_0007,fake
celebdf,fake_id35_id2_0008,fake
celebdf,fake_id35_id30_0001,fake
celebdf,fake_id35_id30_0003,fake
celebdf,fake_id35_id30_0005,fake
celebdf,fake_id35_id32_0002,fake
celebdf,fake_id35_id32_0006,fake
celebdf,fake_id35_id32_0008,fake
celebdf,fake_id35_id33_0000,fake
celebdf,fake_id35_id34_0001,fake
celebdf,fake_id35_id34_0009,fake
celebdf,fake_id35_id37_0003,fake
celebdf,fake_id35_id37_0007,fake
celebdf,fake_id35_id37_0008,fake
celebdf,fake_id35_id38_0001,fake
celebdf,fake_id35_id38_0005,fake
celebdf,fake_id35_id3_0006,fake
celebdf,fake_id35_id3_0008,fake
celebdf,fake_id35_id4_0001,fake
celebdf,fake_id35_id4_0009,fake
celebdf,fake_id35_id6_0001,fake
celebdf,fake_id35_id6_0009,fake
celebdf,fake_id35_id9_0001,fake
celebdf,fake_id35_id9_0006,fake
celebdf,fake_id35_id9_0007,fake
celebdf,fake_id37_id16_0001,fake
celebdf,fake_id37_id16_0003,fake
celebdf,fake_id37_id16_0008,fake
celebdf,fake_id37_id17_0003,fake
celebdf,fake_id37_id1_0001,fake
celebdf,fake_id37_id1_0009,fake
celebdf,fake_id37_id20_0000,fake
celebdf,fake_id37_id20_0001,fake
celebdf,fake_id37_id20_0002,fake
celebdf,fake_id37_id20_0004,fake
celebdf,fake_id37_id23_0002,fake
celebdf,fake_id37_id23_0005,fake
celebdf,fake_id37_id26_0001,fake
celebdf,fake_id37_id26_0006,fake
celebdf,fake_id37_id26_0007,fake
celebdf,fake_id37_id28_0000,fake
celebdf,fake_id37_id29_0006,fake
celebdf,fake_id37_id29_0007,fake
celebdf,fake_id37_id29_0008,fake
celebdf,fake_id37_id29_0009,fake
celebdf,fake_id37_id2_0005,fake
celebdf,fake_id37_id2_0007,fake
celebdf,fake_id37_id2_0008,fake
celebdf,fake_id37_id30_0001,fake
celebdf,fake_id37_id30_0006,fake
celebdf,fake_id37_id31_0006,fake
celebdf,fake_id37_id32_0001,fake
celebdf,fake_id37_id32_0006,fake
celebdf,fake_id37_id32_0008,fake
celebdf,fake_id37_id33_0000,fake
celebdf,fake_id37_id33_0001,fake
celebdf,fake_id37_id34_0001,fake
celebdf,fake_id37_id34_0002,fake
celebdf,fake_id37_id34_0003,fake
celebdf,fake_id37_id34_0005,fake
celebdf,fake_id37_id35_0009,fake
celebdf,fake_id37_id38_0001,fake
celebdf,fake_id37_id38_0007,fake
celebdf,fake_id37_id38_0008,fake
celebdf,fake_id37_id3_0000,fake
celebdf,fake_id37_id3_0001,fake
celebdf,fake_id37_id3_0002,fake
celebdf,fake_id37_id3_0003,fake
celebdf,fake_id37_id4_0005,fake
celebdf,fake_id37_id4_0009,fake
celebdf,fake_id37_id6_0000,fake
celebdf,fake_id37_id6_0001,fake
celebdf,fake_id37_id6_0002,fake
celebdf,fake_id37_id6_0006,fake
celebdf,fake_id37_id6_0007,fake
celebdf,fake_id37_id9_0003,fake
celebdf,fake_id38_id20_0005,fake
celebdf,fake_id38_id21_0001,fake
celebdf,fake_id38_id21_0004,fake
celebdf,fake_id38_id21_0005,fake
celebdf,fake_id38_id23_0001,fake
celebdf,fake_id38_id23_0006,fake
celebdf,fake_id38_id26_0000,fake
celebdf,fake_id38_id26_0001,fake
celebdf,fake_id38_id26_0006,fake
celebdf,fake_id38_id26_0007,fake
celebdf,fake_id38_id28_0001,fake
celebdf,fake_id38_id28_0005,fake
celebdf,fake_id38_id28_0008,fake
celebdf,fake_id38_id29_0000,fake
celebdf,fake_id38_id29_0002,fake
celebdf,fake_id38_id29_0004,fake
celebdf,fake_id38_id29_0007,fake
celebdf,fake_id38_id30_0000,fake
celebdf,fake_id38_id30_0001,fake
celebdf,fake_id38_id30_0009,fake
celebdf,fake_id38_id31_0002,fake
celebdf,fake_id38_id31_0003,fake
celebdf,fake_id38_id34_0000,fake
celebdf,fake_id38_id34_0006,fake
celebdf,fake_id38_id35_0002,fake
celebdf,fake_id38_id35_0003,fake
celebdf,fake_id38_id35_0006,fake
celebdf,fake_id38_id35_0009,fake
celebdf,fake_id38_id37_0001,fake
celebdf,fake_id38_id37_0004,fake
celebdf,fake_id38_id37_0005,fake
celebdf,fake_id38_id37_0006,fake
celebdf,fake_id3_id0_0000,fake
celebdf,fake_id3_id0_0003,fake
celebdf,fake_id3_id0_0004,fake
celebdf,fake_id3_id0_0008,fake
celebdf,fake_id3_id16_0004,fake
celebdf,fake_id3_id17_0000,fake
celebdf,fake_id3_id1_0002,fake
celebdf,fake_id3_id1_0003,fake
celebdf,fake_id3_id1_0008,fake
celebdf,fake_id3_id20_0009,fake
celebdf,fake_id3_id21_0000,fake
celebdf,fake_id3_id21_0006,fake
celebdf,fake_id3_id23_0004,fake
celebdf,fake_id3_id23_0007,fake
celebdf,fake_id3_id26_0000,fake
celebdf,fake_id3_id26_0001,fake
celebdf,fake_id3_id26_0002,fake
celebdf,fake_id3_id26_0003,fake
celebdf,fake_id3_id26_0005,fake
celebdf,fake_id3_id26_0006,fake
celebdf,fake_id3_id26_0009,fake
celebdf,fake_id3_id28_0000,fake
celebdf,fake_id3_id28_0005,fake
celebdf,fake_id3_id30_0001,fake
celebdf,fake_id3_id30_0008,fake
celebdf,fake_id3_id31_0002,fake
celebdf,fake_id3_id31_0003,fake
celebdf,fake_id3_id31_0006,fake
celebdf,fake_id3_id31_0007,fake
celebdf,fake_id3_id31_0008,fake
celebdf,fake_id3_id31_0009,fake
celebdf,fake_id3_id35_0000,fake
celebdf,fake_id3_id35_0001,fake
celebdf,fake_id3_id35_0003,fake
celebdf,fake_id3_id35_0007,fake
celebdf,fake_id3_id37_0008,fake
celebdf,fake_id3_id4_0008,fake
celebdf,fake_id3_id9_0007,fake
celebdf,fake_id40_id39_0000,fake
celebdf,fake_id40_id39_0001,fake
celebdf,fake_id40_id39_0002,fake
celebdf,fake_id40_id39_0003,fake
celebdf,fake_id40_id39_0008,fake
celebdf,fake_id40_id41_0000,fake
celebdf,fake_id40_id41_0004,fake
celebdf,fake_id40_id41_0005,fake
celebdf,fake_id40_id42_0000,fake
celebdf,fake_id40_id42_0001,fake
celebdf,fake_id40_id42_0002,fake
celebdf,fake_id40_id42_0007,fake
celebdf,fake_id40_id42_0009,fake
celebdf,fake_id40_id43_0000,fake
celebdf,fake_id40_id43_0003,fake
celebdf,fake_id40_id43_0005,fake
celebdf,fake_id40_id44_0002,fake
celebdf,fake_id40_id44_0003,fake
celebdf,fake_id40_id44_0006,fake
celebdf,fake_id40_id45_0000,fake
celebdf,fake_id40_id45_0006,fake
celebdf,fake_id40_id45_0007,fake
celebdf,fake_id40_id45_0009,fake
celebdf,fake_id40_id46_0003,fake
celebdf,fake_id40_id46_0009,fake
celebdf,fake_id40_id47_0000,fake
celebdf,fake_id40_id47_0001,fake
celebdf,fake_id40_id47_0002,fake
celebdf,fake_id40_id47_0003,fake
celebdf,fake_id40_id47_0005,fake
celebdf,fake_id40_id47_0008,fake
celebdf,fake_id40_id48_0006,fake
celebdf,fake_id41_id40_0006,fake
celebdf,fake_id41_id43_0004,fake
celebdf,fake_id41_id43_0005,fake
celebdf,fake_id41_id44_0000,fake
celebdf,fake_id41_id44_0002,fake
celebdf,fake_id41_id44_0004,fake
celebdf,fake_id41_id44_0007,fake
celebdf,fake_id41_id45_0001,fake
celebdf,fake_id41_id45_0002,fake
celebdf,fake_id41_id45_0007,fake
celebdf,fake_id41_id45_0009,fake
celebdf,fake_id41_id46_0003,fake
celebdf,fake_id41_id46_0004,fake
celebdf,fake_id41_id47_0003,fake
celebdf,fake_id41_id47_0005,fake
celebdf,fake_id41_id47_0009,fake
celebdf,fake_id41_id48_0000,fake
celebdf,fake_id41_id48_0004,fake
celebdf,fake_id41_id48_0006,fake
celebdf,fake_id42_id39_0001,fake
celebdf,fake_id42_id41_0001,fake
celebdf,fake_id42_id43_0000,fake
celebdf,fake_id42_id43_0001,fake
celebdf,fake_id42_id44_0002,fake
celebdf,fake_id42_id45_0000,fake
celebdf,fake_id42_id46_0001,fake
celebdf,fake_id42_id46_0002,fake
celebdf,fake_id42_id46_0003,fake
celebdf,fake_id42_id48_0001,fake
celebdf,fake_id42_id48_0002,fake
celebdf,fake_id43_id39_0003,fake
celebdf,fake_id43_id40_0001,fake
celebdf,fake_id43_id40_0002,fake
celebdf,fake_id43_id40_0004,fake
celebdf,fake_id43_id40_0008,fake
celebdf,fake_id43_id40_0009,fake
celebdf,fake_id43_id41_0003,fake
celebdf,fake_id43_id41_0004,fake
celebdf,fake_id43_id41_0008,fake
celebdf,fake_id43_id41_0009,fake
celebdf,fake_id43_id42_0006,fake
celebdf,fake_id43_id42_0008,fake
celebdf,fake_id43_id44_0006,fake
celebdf,fake_id43_id44_0008,fake
celebdf,fake_id43_id45_0002,fake
celebdf,fake_id43_id45_0006,fake
celebdf,fake_id43_id46_0004,fake
celebdf,fake_id43_id47_0002,fake
celebdf,fake_id43_id47_0003,fake
celebdf,fake_id43_id47_0004,fake
celebdf,fake_id43_id47_0006,fake
celebdf,fake_id43_id48_0000,fake
celebdf,fake_id43_id48_0004,fake
celebdf,fake_id43_id48_0006,fake
celebdf,fake_id44_id39_0001,fake
celebdf,fake_id44_id41_0002,fake
celebdf,fake_id44_id42_0003,fake
celebdf,fake_id44_id43_0001,fake
celebdf,fake_id44_id45_0002,fake
celebdf,fake_id44_id46_0004,fake
celebdf,fake_id44_id47_0002,fake
celebdf,fake_id44_id47_0004,fake
celebdf,fake_id44_id48_0001,fake
celebdf,fake_id44_id48_0002,fake
celebdf,fake_id44_id48_0005,fake
celebdf,fake_id45_id39_0000,fake
celebdf,fake_id45_id39_0001,fake
celebdf,fake_id45_id39_0007,fake
celebdf,fake_id45_id40_0000,fake
celebdf,fake_id45_id40_0002,fake
celebdf,fake_id45_id40_0003,fake
celebdf,fake_id45_id41_0004,fake
celebdf,fake_id45_id41_0007,fake
celebdf,fake_id45_id42_0006,fake
celebdf,fake_id45_id43_0001,fake
celebdf,fake_id45_id43_0003,fake
celebdf,fake_id45_id43_0007,fake
celebdf,fake_id45_id44_0000,fake
celebdf,fake_id45_id44_0009,fake
celebdf,fake_id45_id46_0003,fake
celebdf,fake_id45_id46_0005,fake
celebdf,fake_id45_id46_0007,fake
celebdf,fake_id45_id47_0003,fake
celebdf,fake_id45_id47_0004,fake
celebdf,fake_id45_id47_0007,fake
celebdf,fake_id45_id48_0000,fake
celebdf,fake_id45_id48_0006,fake
celebdf,fake_id45_id48_0007,fake
celebdf,fake_id46_id39_0001,fake
celebdf,fake_id46_id39_0002,fake
celebdf,fake_id46_id39_0004,fake
celebdf,fake_id46_id39_0007,fake
celebdf,fake_id46_id39_0008,fake
celebdf,fake_id46_id40_0002,fake
celebdf,fake_id46_id40_0008,fake
celebdf,fake_id46_id41_0001,fake
celebdf,fake_id46_id41_0002,fake
celebdf,fake_id46_id42_0001,fake
celebdf,fake_id46_id43_0002,fake
celebdf,fake_id46_id43_0003,fake
celebdf,fake_id46_id43_0007,fake
celebdf,fake_id46_id43_0008,fake
celebdf,fake_id46_id43_0009,fake
celebdf,fake_id46_id44_0001,fake
celebdf,fake_id46_id45_0002,fake
celebdf,fake_id46_id45_0006,fake
celebdf,fake_id46_id47_0001,fake
celebdf,fake_id46_id47_0002,fake
celebdf,fake_id46_id47_0003,fake
celebdf,fake_id46_id47_0004,fake
celebdf,fake_id46_id47_0005,fake
celebdf,fake_id46_id47_0006,fake
celebdf,fake_id46_id48_0000,fake
celebdf,fake_id47_id39_0000,fake
celebdf,fake_id47_id39_0002,fake
celebdf,fake_id47_id39_0005,fake
celebdf,fake_id47_id39_0006,fake
celebdf,fake_id47_id39_0008,fake
celebdf,fake_id47_id40_0001,fake
celebdf,fake_id47_id40_0009,fake
celebdf,fake_id47_id41_0001,fake
celebdf,fake_id47_id41_0002,fake
celebdf,fake_id47_id41_0003,fake
celebdf,fake_id47_id41_0005,fake
celebdf,fake_id47_id41_0009,fake
celebdf,fake_id47_id42_0005,fake
celebdf,fake_id47_id42_0006,fake
celebdf,fake_id47_id42_0007,fake
celebdf,fake_id47_id42_0009,fake
celebdf,fake_id47_id43_0000,fake
celebdf,fake_id47_id43_0002,fake
celebdf,fake_id47_id43_0005,fake
celebdf,fake_id47_id43_0009,fake
celebdf,fake_id47_id44_0000,fake
celebdf,fake_id47_id45_0001,fake
celebdf,fake_id47_id45_0004,fake
celebdf,fake_id47_id45_0008,fake
celebdf,fake_id47_id46_0001,fake
celebdf,fake_id47_id46_0002,fake
celebdf,fake_id47_id46_0003,fake
celebdf,fake_id47_id46_0005,fake
celebdf,fake_id47_id46_0007,fake
celebdf,fake_id47_id48_0000,fake
celebdf,fake_id47_id48_0002,fake
celebdf,fake_id47_id48_0003,fake
celebdf,fake_id47_id48_0005,fake
celebdf,fake_id48_id39_0001,fake
celebdf,fake_id48_id39_0003,fake
celebdf,fake_id48_id39_0004,fake
celebdf,fake_id48_id39_0007,fake
celebdf,fake_id48_id39_0008,fake
celebdf,fake_id48_id40_0004,fake
celebdf,fake_id48_id40_0007,fake
celebdf,fake_id48_id40_0008,fake
celebdf,fake_id48_id41_0003,fake
celebdf,fake_id48_id41_0004,fake
celebdf,fake_id48_id41_0009,fake
celebdf,fake_id48_id42_0000,fake
celebdf,fake_id48_id42_0004,fake
celebdf,fake_id48_id42_0005,fake
celebdf,fake_id48_id42_0006,fake
celebdf,fake_id48_id43_0002,fake
celebdf,fake_id48_id43_0003,fake
celebdf,fake_id48_id43_0007,fake
celebdf,fake_id48_id44_0003,fake
celebdf,fake_id48_id44_0005,fake
celebdf,fake_id48_id44_0007,fake
celebdf,fake_id48_id44_0009,fake
celebdf,fake_id48_id45_0000,fake
celebdf,fake_id48_id45_0003,fake
celebdf,fake_id48_id45_0004,fake
celebdf,fake_id48_id46_0003,fake
celebdf,fake_id48_id47_0004,fake
celebdf,fake_id48_id47_0006,fake
celebdf,fake_id48_id47_0007,fake
celebdf,fake_id49_id50_0000,fake
celebdf,fake_id49_id50_0003,fake
celebdf,fake_id49_id50_0005,fake
celebdf,fake_id49_id50_0008,fake
celebdf,fake_id49_id51_0001,fake
celebdf,fake_id49_id51_0004,fake
celebdf,fake_id49_id51_0007,fake
celebdf,fake_id49_id51_0008,fake
celebdf,fake_id49_id52_0006,fake
celebdf,fake_id49_id52_0008,fake
celebdf,fake_id49_id52_0009,fake
celebdf,fake_id49_id53_0002,fake
celebdf,fake_id49_id54_0002,fake
celebdf,fake_id49_id54_0005,fake
celebdf,fake_id49_id54_0006,fake
celebdf,fake_id49_id54_0007,fake
celebdf,fake_id49_id55_0002,fake
celebdf,fake_id49_id55_0003,fake
celebdf,fake_id49_id55_0008,fake
celebdf,fake_id49_id56_0000,fake
celebdf,fake_id49_id56_0002,fake
celebdf,fake_id49_id56_0004,fake
celebdf,fake_id49_id56_0007,fake
celebdf,fake_id49_id56_0009,fake
celebdf,fake_id49_id58_0001,fake
celebdf,fake_id49_id58_0002,fake
celebdf,fake_id49_id58_0004,fake
celebdf,fake_id4_id1_0008,fake
celebdf,fake_id4_id20_0002,fake
celebdf,fake_id4_id20_0005,fake
celebdf,fake_id4_id20_0006,fake
celebdf,fake_id4_id21_0002,fake
celebdf,fake_id4_id21_0007,fake
celebdf,fake_id4_id23_0005,fake
celebdf,fake_id4_id23_0008,fake
celebdf,fake_id4_id26_0000,fake
celebdf,fake_id4_id26_0003,fake
celebdf,fake_id4_id26_0004,fake
celebdf,fake_id4_id26_0009,fake
celebdf,fake_id4_id28_0001,fake
celebdf,fake_id4_id28_0002,fake
celebdf,fake_id4_id28_0003,fake
celebdf,fake_id4_id28_0009,fake
celebdf,fake_id4_id2_0004,fake
celebdf,fake_id4_id2_0005,fake
celebdf,fake_id4_id30_0002,fake
celebdf,fake_id4_id30_0004,fake
celebdf,fake_id4_id30_0005,fake
celebdf,fake_id4_id30_0007,fake
celebdf,fake_id4_id31_0007,fake
celebdf,fake_id4_id31_0009,fake
celebdf,fake_id4_id35_0004,fake
celebdf,fake_id4_id35_0006,fake
celebdf,fake_id4_id37_0003,fake
celebdf,fake_id4_id3_0001,fake
celebdf,fake_id4_id3_0002,fake
celebdf,fake_id4_id3_0005,fake
celebdf,fake_id4_id3_0007,fake
celebdf,fake_id4_id3_0008,fake
celebdf,fake_id4_id6_0001,fake
celebdf,fake_id4_id6_0007,fake
celebdf,fake_id4_id9_0001,fake
celebdf,fake_id4_id9_0002,fake
celebdf,fake_id4_id9_0004,fake
celebdf,fake_id4_id9_0005,fake
celebdf,fake_id4_id9_0007,fake
celebdf,fake_id4_id9_0008,fake
celebdf,fake_id50_id49_0003,fake
celebdf,fake_id50_id49_0005,fake
celebdf,fake_id50_id51_0001,fake
celebdf,fake_id50_id51_0005,fake
celebdf,fake_id50_id51_0008,fake
celebdf,fake_id50_id51_0009,fake
celebdf,fake_id50_id52_0001,fake
celebdf,fake_id50_id53_0005,fake
celebdf,fake_id50_id54_0009,fake
celebdf,fake_id50_id55_0009,fake
celebdf,fake_id50_id56_0001,fake
celebdf,fake_id50_id56_0002,fake
celebdf,fake_id50_id57_0000,fake
celebdf,fake_id50_id57_0009,fake
celebdf,fake_id52_id50_0003,fake
celebdf,fake_id52_id50_0004,fake
celebdf,fake_id52_id50_0006,fake
celebdf,fake_id52_id50_0008,fake
celebdf,fake_id52_id50_0009,fake
celebdf,fake_id52_id53_0005,fake
celebdf,fake_id52_id53_0006,fake
celebdf,fake_id52_id54_0002,fake
celebdf,fake_id52_id54_0007,fake
celebdf,fake_id52_id54_0009,fake
celebdf,fake_id52_id55_0000,fake
celebdf,fake_id52_id55_0001,fake
celebdf,fake_id52_id55_0005,fake
celebdf,fake_id52_id55_0009,fake
celebdf,fake_id52_id56_0000,fake
celebdf,fake_id52_id56_0005,fake
celebdf,fake_id52_id57_0001,fake
celebdf,fake_id52_id57_0007,fake
celebdf,fake_id52_id57_0008,fake
celebdf,fake_id52_id57_0009,fake
celebdf,fake_id52_id58_0001,fake
celebdf,fake_id52_id58_0004,fake
celebdf,fake_id53_id49_0009,fake
celebdf,fake_id53_id50_0002,fake
celebdf,fake_id53_id50_0008,fake
celebdf,fake_id53_id51_0002,fake
celebdf,fake_id53_id51_0004,fake
celebdf,fake_id53_id51_0005,fake
celebdf,fake_id53_id51_0007,fake
celebdf,fake_id53_id51_0008,fake
celebdf,fake_id53_id52_0000,fake
celebdf,fake_id53_id52_0004,fake
celebdf,fake_id53_id52_0007,fake
celebdf,fake_id53_id54_0006,fake
celebdf,fake_id53_id54_0008,fake
celebdf,fake_id53_id54_0009,fake
celebdf,fake_id53_id55_0000,fake
celebdf,fake_id53_id55_0001,fake
celebdf,fake_id53_id55_0002,fake
celebdf,fake_id53_id55_0003,fake
celebdf,fake_id53_id55_0007,fake
celebdf,fake_id53_id56_0002,fake
celebdf,fake_id53_id56_0008,fake
celebdf,fake_id53_id57_0002,fake
celebdf,fake_id53_id57_0007,fake
celebdf,fake_id53_id58_0003,fake
celebdf,fake_id53_id58_0007,fake
celebdf,fake_id53_id58_0008,fake
celebdf,fake_id54_id49_0002,fake
celebdf,fake_id54_id49_0008,fake
celebdf,fake_id54_id51_0000,fake
celebdf,fake_id54_id51_0008,fake
celebdf,fake_id54_id52_0006,fake
celebdf,fake_id54_id53_0001,fake
celebdf,fake_id54_id53_0006,fake
celebdf,fake_id54_id55_0008,fake
celebdf,fake_id54_id55_0009,fake
celebdf,fake_id54_id56_0009,fake
celebdf,fake_id54_id57_0003,fake
celebdf,fake_id54_id57_0004,fake
celebdf,fake_id54_id57_0007,fake
celebdf,fake_id54_id58_0004,fake
celebdf,fake_id54_id58_0009,fake
celebdf,fake_id55_id49_0000,fake
celebdf,fake_id55_id49_0002,fake
celebdf,fake_id55_id49_0007,fake
celebdf,fake_id55_id49_0009,fake
celebdf,fake_id55_id50_0000,fake
celebdf,fake_id55_id50_0001,fake
celebdf,fake_id55_id50_0005,fake
celebdf,fake_id55_id50_0007,fake
celebdf,fake_id55_id50_0009,fake
celebdf,fake_id55_id51_0000,fake
celebdf,fake_id55_id51_0001,fake
celebdf,fake_id55_id51_0002,fake
celebdf,fake_id55_id51_0003,fake
celebdf,fake_id55_id51_0008,fake
celebdf,fake_id55_id52_0000,fake
celebdf,fake_id55_id52_0001,fake
celebdf,fake_id55_id52_0002,fake
celebdf,fake_id55_id52_0008,fake
celebdf,fake_id55_id53_0001,fake
celebdf,fake_id55_id54_0006,fake
celebdf,fake_id55_id54_0009,fake
celebdf,fake_id55_id57_0004,fake
celebdf,fake_id55_id57_0009,fake
celebdf,fake_id55_id58_0007,fake
celebdf,fake_id56_id49_0003,fake
celebdf,fake_id56_id49_0005,fake
celebdf,fake_id56_id50_0009,fake
celebdf,fake_id56_id51_0002,fake
celebdf,fake_id56_id51_0003,fake
celebdf,fake_id56_id51_0005,fake
celebdf,fake_id56_id51_0008,fake
celebdf,fake_id56_id52_0000,fake
celebdf,fake_id56_id52_0002,fake
celebdf,fake_id56_id53_0002,fake
celebdf,fake_id56_id54_0001,fake
celebdf,fake_id56_id54_0003,fake
celebdf,fake_id56_id54_0008,fake
celebdf,fake_id56_id55_0001,fake
celebdf,fake_id56_id55_0002,fake
celebdf,fake_id56_id55_0003,fake
celebdf,fake_id56_id55_0008,fake
celebdf,fake_id56_id57_0000,fake
celebdf,fake_id56_id57_0002,fake
celebdf,fake_id56_id57_0003,fake
celebdf,fake_id56_id58_0000,fake
celebdf,fake_id56_id58_0001,fake
celebdf,fake_id56_id58_0005,fake
celebdf,fake_id56_id58_0009,fake
celebdf,fake_id57_id49_0002,fake
celebdf,fake_id57_id49_0007,fake
celebdf,fake_id57_id50_0005,fake
celebdf,fake_id57_id51_0004,fake
celebdf,fake_id57_id51_0005,fake
celebdf,fake_id57_id51_0008,fake
celebdf,fake_id57_id52_0000,fake
celebdf,fake_id57_id52_0002,fake
celebdf,fake_id57_id52_0003,fake
celebdf,fake_id57_id52_0006,fake
celebdf,fake_id57_id52_0008,fake
celebdf,fake_id57_id53_0002,fake
celebdf,fake_id57_id54_0000,fake
celebdf,fake_id57_id54_0007,fake
celebdf,fake_id57_id54_0008,fake
celebdf,fake_id57_id55_0000,fake
celebdf,fake_id57_id55_0004,fake
celebdf,fake_id57_id55_0006,fake
celebdf,fake_id57_id55_0008,fake
celebdf,fake_id57_id56_0005,fake
celebdf,fake_id57_id56_0006,fake
celebdf,fake_id57_id56_0008,fake
celebdf,fake_id57_id58_0000,fake
celebdf,fake_id57_id58_0004,fake
celebdf,fake_id59_id5_0004,fake
celebdf,fake_id59_id60_0005,fake
celebdf,fake_id59_id61_0001,fake
celebdf,fake_id59_id61_0008,fake
celebdf,fake_id5_id60_0000,fake
celebdf,fake_id5_id60_0003,fake
celebdf,fake_id5_id60_0008,fake
celebdf,fake_id5_id61_0001,fake
celebdf,fake_id5_id61_0004,fake
celebdf,fake_id6_id0_0006,fake
celebdf,fake_id6_id16_0001,fake
celebdf,fake_id6_id16_0009,fake
celebdf,fake_id6_id17_0006,fake
celebdf,fake_id6_id1_0001,fake
celebdf,fake_id6_id1_0002,fake
celebdf,fake_id6_id1_0003,fake
celebdf,fake_id6_id1_0008,fake
celebdf,fake_id6_id20_0006,fake
celebdf,fake_id6_id20_0008,fake
celebdf,fake_id6_id21_0001,fake
celebdf,fake_id6_id21_0002,fake
celebdf,fake_id6_id21_0008,fake
celebdf,fake_id6_id23_0000,fake
celebdf,fake_id6_id26_0000,fake
celebdf,fake_id6_id26_0005,fake
celebdf,fake_id6_id28_0000,fake
celebdf,fake_id6_id28_0006,fake
celebdf,fake_id6_id28_0008,fake
celebdf,fake_id6_id2_0000,fake
celebdf,fake_id6_id2_0007,fake
celebdf,fake_id6_id30_0006,fake
celebdf,fake_id6_id30_0007,fake
celebdf,fake_id6_id31_0001,fake
celebdf,fake_id6_id31_0002,fake
celebdf,fake_id6_id31_0009,fake
celebdf,fake_id6_id37_0006,fake
celebdf,fake_id6_id3_0001,fake
celebdf,fake_id6_id3_0003,fake
celebdf,fake_id6_id3_0004,fake
celebdf,fake_id6_id4_0005,fake
celebdf,fake_id6_id4_0008,fake
celebdf,fake_id6_id4_0009,fake
celebdf,fake_id6_id9_0003,fake
celebdf,fake_id6_id9_0005,fake
celebdf,fake_id7_id11_0002,fake
celebdf,fake_id7_id11_0004,fake
celebdf,fake_id7_id11_0006,fake
celebdf,fake_id7_id12_0000,fake
celebdf,fake_id7_id12_0002,fake
celebdf,fake_id7_id12_0009,fake
celebdf,fake_id7_id13_0000,fake
celebdf,fake_id7_id13_0004,fake
celebdf,fake_id7_id13_0005,fake
celebdf,fake_id8_id0_0003,fake
celebdf,fake_id8_id0_0007,fake
celebdf,fake_id8_id1_0002,fake
celebdf,fake_id8_id1_0007,fake
celebdf,fake_id8_id2_0002,fake
celebdf,fake_id8_id3_0002,fake
celebdf,fake_id8_id7_0008,fake
celebdf,fake_id9_id16_0002,fake
celebdf,fake_id9_id16_0008,fake
celebdf,fake_id9_id17_0000,fake
celebdf,fake_id9_id17_0001,fake
celebdf,fake_id9_id17_0004,fake
celebdf,fake_id9_id17_0007,fake
celebdf,fake_id9_id17_0009,fake
celebdf,fake_id9_id1_0006,fake
celebdf,fake_id9_id1_0008,fake
celebdf,fake_id9_id20_0005,fake
celebdf,fake_id9_id20_0006,fake
celebdf,fake_id9_id23_0006,fake
celebdf,fake_id9_id26_0006,fake
celebdf,fake_id9_id28_0008,fake
celebdf,fake_id9_id2_0004,fake
celebdf,fake_id9_id2_0005,fake
celebdf,fake_id9_id30_0000,fake
celebdf,fake_id9_id30_0002,fake
celebdf,fake_id9_id30_0004,fake
celebdf,fake_id9_id30_0006,fake
celebdf,fake_id9_id31_0001,fake
celebdf,fake_id9_id31_0002,fake
celebdf,fake_id9_id31_0003,fake
celebdf,fake_id9_id35_0001,fake
celebdf,fake_id9_id35_0004,fake
celebdf,fake_id9_id35_0005,fake
celebdf,fake_id9_id35_0007,fake
celebdf,fake_id9_id37_0001,fake
celebdf,fake_id9_id37_0009,fake
celebdf,fake_id9_id3_0005,fake
celebdf,fake_id9_id3_0006,fake
celebdf,fake_id9_id3_0007,fake
celebdf,fake_id9_id3_0008,fake
celebdf,fake_id9_id4_0006,fake
celebdf,real_00004,real
celebdf,real_00005,real
celebdf,real_00007,real
celebdf,real_00012,real
celebdf,real_00015,real
celebdf,real_00020,real
celebdf,real_00028,real
celebdf,real_00033,real
celebdf,real_00044,real
celebdf,real_00046,real
celebdf,real_00050,real
celebdf,real_00054,real
celebdf,real_00057,real
celebdf,real_00064,real
celebdf,real_00068,real
celebdf,real_00072,real
celebdf,real_00074,real
celebdf,real_00075,real
celebdf,real_00078,real
celebdf,real_00085,real
celebdf,real_00086,real
celebdf,real_00088,real
celebdf,real_00089,real
celebdf,real_00094,real
celebdf,real_00097,real
celebdf,real_00098,real
celebdf,real_00100,real
celebdf,real_00104,real
celebdf,real_00105,real
celebdf,real_00107,real
celebdf,real_00109,real
celebdf,real_00111,real
celebdf,real_00114,real
celebdf,real_00122,real
celebdf,real_00124,real
celebdf,real_00145,real
celebdf,real_00146,real
celebdf,real_00147,real
celebdf,real_00151,real
celebdf,real_00153,real
celebdf,real_00158,real
celebdf,real_00159,real
celebdf,real_00161,real
celebdf,real_00163,real
celebdf,real_00164,real
celebdf,real_00167,real
celebdf,real_00169,real
celebdf,real_00175,real
celebdf,real_00177,real
celebdf,real_00179,real
celebdf,real_00183,real
celebdf,real_00184,real
celebdf,real_00186,real
celebdf,real_00189,real
celebdf,real_00190,real
celebdf,real_00206,real
celebdf,real_00209,real
celebdf,real_00210,real
celebdf,real_00217,real
celebdf,real_00221,real
celebdf,real_00233,real
celebdf,real_00234,real
celebdf,real_00239,real
celebdf,real_00292,real
celebdf,real_00294,real
celebdf,real_00295,real
celebdf,real_00297,real
celebdf,real_id0_0002,real
celebdf,real_id0_0007,real
celebdf,real_id0_0008,real
celebdf,real_id11_0000,real
celebdf,real_id11_0004,real
celebdf,real_id11_0005,real
celebdf,real_id11_0007,real
celebdf,real_id12_0001,real
celebdf,real_id12_0002,real
celebdf,real_id12_0003,real
celebdf,real_id12_0004,real
celebdf,real_id13_0005,real
celebdf,real_id13_0008,real
celebdf,real_id16_0000,real
celebdf,real_id16_0005,real
celebdf,real_id16_0008,real
celebdf,real_id16_0012,real
celebdf,real_id16_0013,real
celebdf,real_id17_0004,real
celebdf,real_id17_0005,real
celebdf,real_id17_0008,real
celebdf,real_id19_0000,real
celebdf,real_id1_0002,real
celebdf,real_id1_0003,real
celebdf,real_id1_0004,real
celebdf,real_id20_0000,real
celebdf,real_id20_0001,real
celebdf,real_id20_0003,real
celebdf,real_id20_0009,real
celebdf,real_id21_0000,real
celebdf,real_id21_0007,real
celebdf,real_id22_0007,real
celebdf,real_id22_0008,real
celebdf,real_id23_0005,real
celebdf,real_id23_0007,real
celebdf,real_id23_0008,real
celebdf,real_id24_0000,real
celebdf,real_id24_0002,real
celebdf,real_id25_0005,real
celebdf,real_id25_0008,real
celebdf,real_id26_0003,real
celebdf,real_id26_0004,real
celebdf,real_id26_0006,real
celebdf,real_id27_0000,real
celebdf,real_id27_0002,real
celebdf,real_id28_0002,real
celebdf,real_id28_0003,real
celebdf,real_id28_0005,real
celebdf,real_id29_0006,real
celebdf,real_id2_0000,real
celebdf,real_id30_0000,real
celebdf,real_id30_0006,real
celebdf,real_id30_0009,real
celebdf,real_id31_0000,real
celebdf,real_id31_0005,real
celebdf,real_id31_0008,real
celebdf,real_id32_0004,real
celebdf,real_id32_0007,real
celebdf,real_id33_0004,real
celebdf,real_id33_0007,real
celebdf,real_id33_0009,real
celebdf,real_id34_0001,real
celebdf,real_id34_0004,real
celebdf,real_id34_0007,real
celebdf,real_id35_0005,real
celebdf,real_id36_0007,real
celebdf,real_id37_0000,real
celebdf,real_id37_0001,real
celebdf,real_id37_0002,real
celebdf,real_id37_0006,real
celebdf,real_id38_0001,real
celebdf,real_id38_0004,real
celebdf,real_id3_0003,real
celebdf,real_id40_0005,real
celebdf,real_id40_0007,real
celebdf,real_id40_0008,real
celebdf,real_id41_0004,real
celebdf,real_id41_0006,real
celebdf,real_id41_0009,real
celebdf,real_id42_0001,real
celebdf,real_id42_0004,real
celebdf,real_id43_0004,real
celebdf,real_id44_0005,real
celebdf,real_id45_0000,real
celebdf,real_id45_0001,real
celebdf,real_id45_0002,real
celebdf,real_id45_0007,real
celebdf,real_id45_0009,real
celebdf,real_id46_0003,real
celebdf,real_id46_0004,real
celebdf,real_id47_0000,real
celebdf,real_id47_0006,real
celebdf,real_id47_0007,real
celebdf,real_id47_0008,real
celebdf,real_id48_0009,real
celebdf,real_id49_0001,real
celebdf,real_id49_0002,real
celebdf,real_id49_0007,real
celebdf,real_id49_0009,real
celebdf,real_id4_0001,real
celebdf,real_id4_0003,real
celebdf,real_id4_0006,real
celebdf,real_id50_0002,real
celebdf,real_id50_0009,real
celebdf,real_id52_0003,real
celebdf,real_id52_0004,real
celebdf,real_id52_0007,real
celebdf,real_id52_0008,real
celebdf,real_id53_0008,real
celebdf,real_id54_0002,real
celebdf,real_id54_0004,real
celebdf,real_id54_0009,real
celebdf,real_id55_0002,real
celebdf,real_id55_0004,real
celebdf,real_id55_0009,real
celebdf,real_id56_0001,real
celebdf,real_id56_0003,real
celebdf,real_id56_0004,real
celebdf,real_id56_0006,real
celebdf,real_id57_0001,real
celebdf,real_id57_0002,real
celebdf,real_id57_0004,real
celebdf,real_id57_0006,real
celebdf,real_id57_0008,real
celebdf,real_id59_0002,real
celebdf,real_id59_0003,real
celebdf,real_id59_0007,real
celebdf,real_id59_0008,real
celebdf,real_id59_0009,real
celebdf,real_id6_0007,real
celebdf,real_id7_0001,real
celebdf,real_id7_0002,real
celebdf,real_id7_0008,real
celebdf,real_id8_0002,real
celebdf,real_id8_0005,real
celebdf,real_id8_0007,real
celebdf,real_id9_0004,real
celebdf,real_id9_0005,real
celebdf,real_id9_0006,real
celebdf,real_id9_0008,real
dfdc,dfdc_train_part_1_adwbthsgqb,fake
dfdc,dfdc_train_part_1_aelsfznuqw,fake
dfdc,dfdc_train_part_1_ajqmtwoocc,fake
dfdc,dfdc_train_part_1_akpfvadijp,fake
dfdc,dfdc_train_part_1_alfidaevix,fake
dfdc,dfdc_train_part_1_alrtntfxtd,fake
dfdc,dfdc_train_part_1_amczvybpav,fake
dfdc,dfdc_train_part_1_anmzhupzpa,fake
dfdc,dfdc_train_part_1_aokxvqadsx,real
dfdc,dfdc_train_part_1_aqejlaudtq,fake
dfdc,dfdc_train_part_1_awnhnhbbxm,fake
dfdc,dfdc_train_part_1_bateuibxti,fake
dfdc,dfdc_train_part_1_bciuzbjoxq,fake
dfdc,dfdc_train_part_1_bdpwzkrofr,fake
dfdc,dfdc_train_part_1_bgtgxubqmy,fake
dfdc,dfdc_train_part_1_bgyaqospgo,fake
dfdc,dfdc_train_part_1_bhfxttitcb,fake
dfdc,dfdc_train_part_1_bjnmhhoayf,fake
dfdc,dfdc_train_part_1_bkuzquigyt,real
dfdc,dfdc_train_part_1_bkwqojntbf,fake
dfdc,dfdc_train_part_1_bsbyvsgodg,fake
dfdc,dfdc_train_part_1_bwkddsdoqj,fake
dfdc,dfdc_train_part_1_bzqzktvzdn,fake
dfdc,dfdc_train_part_1_ciaxcxtxix,fake
dfdc,dfdc_train_part_1_ckgpztnbvc,fake
dfdc,dfdc_train_part_1_cktulounod,fake
dfdc,dfdc_train_part_1_cmwqaulwau,fake
dfdc,dfdc_train_part_1_cnpanmywno,real
dfdc,dfdc_train_part_1_cwjkdlzrvb,fake
dfdc,dfdc_train_part_1_cwykfzwimc,fake
dfdc,dfdc_train_part_1_cxvkgrbaku,fake
dfdc,dfdc_train_part_1_czjxkqbhmy,fake
dfdc,dfdc_train_part_1_datjrwctmd,fake
dfdc,dfdc_train_part_1_dcvvmkvpna,fake
dfdc,dfdc_train_part_1_ddcfzufmyd,fake
dfdc,dfdc_train_part_1_dfhthnhzrb,fake
dfdc,dfdc_train_part_1_dfujkgpzvc,fake
dfdc,dfdc_train_part_1_dfynybcnzh,fake
dfdc,dfdc_train_part_1_dlxvbfdfny,fake
dfdc,dfdc_train_part_1_doeuqrqbmr,fake
dfdc,dfdc_train_part_1_dqcamrpobq,fake
dfdc,dfdc_train_part_1_drbacjdatw,fake
dfdc,dfdc_train_part_1_dvkdfhrpph,fake
dfdc,dfdc_train_part_1_dvtpwatuja,real
dfdc,dfdc_train_part_1_dwhobkntoq,fake
dfdc,dfdc_train_part_1_dymbelijah,fake
dfdc,dfdc_train_part_1_dzshbwcwyu,fake
dfdc,dfdc_train_part_1_ecumyiowzs,fake
dfdc,dfdc_train_part_1_ehgnwomhxb,fake
dfdc,dfdc_train_part_1_ehrtdalgon,fake
dfdc,dfdc_train_part_1_epeiodtait,fake
dfdc,dfdc_train_part_1_eqsnaqrnmz,fake
dfdc,dfdc_train_part_1_ercqmajdid,fake
dfdc,dfdc_train_part_1_ercvulggxk,fake
dfdc,dfdc_train_part_1_erzfabwflz,fake
dfdc,dfdc_train_part_1_eyfliddvar,fake
dfdc,dfdc_train_part_1_fcdndpddtw,fake
dfdc,dfdc_train_part_1_fdadpyzrgm,fake
dfdc,dfdc_train_part_1_fdkbmfdohh,fake
dfdc,dfdc_train_part_1_fdqqzjrcqb,fake
dfdc,dfdc_train_part_1_fernwnthuy,fake
dfdc,dfdc_train_part_1_fgwiypyxom,fake
dfdc,dfdc_train_part_1_fjzficggmo,fake
dfdc,dfdc_train_part_1_fkmvxejhvf,fake
dfdc,dfdc_train_part_1_fkwucbqnot,fake
dfdc,dfdc_train_part_1_fmtryaszxl,fake
dfdc,dfdc_train_part_1_fneqiqpqvs,real
dfdc,dfdc_train_part_1_fpawgawyqs,fake
dfdc,dfdc_train_part_1_fvhcsmkpvc,fake
dfdc,dfdc_train_part_1_fwifdmqqjc,fake
dfdc,dfdc_train_part_1_fxvvifwvir,fake
dfdc,dfdc_train_part_1_fytxleslqt,fake
dfdc,dfdc_train_part_1_fzxrxhcwou,fake
dfdc,dfdc_train_part_1_gbnjqvxvzj,fake
dfdc,dfdc_train_part_1_geglgdrsgp,fake
dfdc,dfdc_train_part_1_gemusoofds,fake
dfdc,dfdc_train_part_1_gfdocnszxc,fake
dfdc,dfdc_train_part_1_ghdicklvxv,fake
dfdc,dfdc_train_part_1_glwlomfblb,fake
dfdc,dfdc_train_part_1_glxhiyxyup,fake
dfdc,dfdc_train_part_1_gmdoyjvcnu,fake
dfdc,dfdc_train_part_1_gnpaehuyie,fake
dfdc,dfdc_train_part_1_goecylbbks,fake
dfdc,dfdc_train_part_1_gvczsjkuan,fake
dfdc,dfdc_train_part_1_gxuncqgppg,fake
dfdc,dfdc_train_part_1_gyiknkigjg,fake
dfdc,dfdc_train_part_1_gzbagbdubm,real
dfdc,dfdc_train_part_1_hbaejewdii,fake
dfdc,dfdc_train_part_1_hbnwrzcfiy,fake
dfdc,dfdc_train_part_1_hezqkhggsd,fake
dfdc,dfdc_train_part_1_hfxgbbeapi,fake
dfdc,dfdc_train_part_1_hhhvnhhqsc,real
dfdc,dfdc_train_part_1_hiubzkclmx,fake
dfdc,dfdc_train_part_1_hjelxxaavf,fake
dfdc,dfdc_train_part_1_hmvdorfdzk,fake
dfdc,dfdc_train_part_1_honxqdilvv,fake
dfdc,dfdc_train_part_1_hqxpzbyijx,real
dfdc,dfdc_train_part_1_hrtmwztfzc,fake
dfdc,dfdc_train_part_1_htnbqxsgmo,fake
dfdc,dfdc_train_part_1_hvmpghzrwc,fake
dfdc,dfdc_train_part_1_idaqwmmsnm,fake
dfdc,dfdc_train_part_1_idnvievros,fake
dfdc,dfdc_train_part_1_idqwolxjql,fake
dfdc,dfdc_train_part_1_idwazgztax,fake
dfdc,dfdc_train_part_1_igwlxdtgix,fake
dfdc,dfdc_train_part_1_iikxnaedah,fake
dfdc,dfdc_train_part_1_iktwckbykj,fake
dfdc,dfdc_train_part_1_ipwtqallyo,fake
dfdc,dfdc_train_part_1_itpauysdvo,fake
dfdc,dfdc_train_part_1_ivnygxopre,fake
dfdc,dfdc_train_part_1_iyegjhsbci,fake
dfdc,dfdc_train_part_1_jcqbscxfsg,fake
dfdc,dfdc_train_part_1_jcqvkaalyg,fake
dfdc,dfdc_train_part_1_jctahcrbkh,fake
dfdc,dfdc_train_part_1_jgpxmqxazp,fake
dfdc,dfdc_train_part_1_jhxmmetnfa,fake
dfdc,dfdc_train_part_1_jiavqbrkyk,real
dfdc,dfdc_train_part_1_jpvkoxrueh,real
dfdc,dfdc_train_part_1_jrejskikgi,fake
dfdc,dfdc_train_part_1_jtfjygauws,fake
dfdc,dfdc_train_part_1_juwmdknrki,fake
dfdc,dfdc_train_part_1_jvlmwvzpak,fake
dfdc,dfdc_train_part_1_jwqvujrofw,fake
dfdc,dfdc_train_part_1_jyrvsifszr,fake
dfdc,dfdc_train_part_1_jzneqofkrp,fake
dfdc,dfdc_train_part_1_kbcjbiqegs,fake
dfdc,dfdc_train_part_1_kbhqxcdcuf,fake
dfdc,dfdc_train_part_1_kbmzfvrqep,fake
dfdc,dfdc_train_part_1_kehxabezoe,fake
dfdc,dfdc_train_part_1_kguaqibgvg,fake
dfdc,dfdc_train_part_1_khcvxfequp,fake
dfdc,dfdc_train_part_1_klcgzimbce,fake
dfdc,dfdc_train_part_1_klhpomwpzs,fake
dfdc,dfdc_train_part_1_kmzlyhldkp,fake
dfdc,dfdc_train_part_1_knhzciotgi,fake
dfdc,dfdc_train_part_1_korpsbxqcv,fake
dfdc,dfdc_train_part_1_krpcvryehy,fake
dfdc,dfdc_train_part_1_kuzlqnsjne,fake
dfdc,dfdc_train_part_1_kvmpmhdxly,real
dfdc,dfdc_train_part_1_kvpgwfudix,fake
dfdc,dfdc_train_part_1_kwfdyqofzw,real
dfdc,dfdc_train_part_1_kwkxfgncsg,fake
dfdc,dfdc_train_part_1_kwwdbsyzcv,fake
dfdc,dfdc_train_part_1_lbbxqmjeby,fake
dfdc,dfdc_train_part_1_lblsjsbeym,fake
dfdc,dfdc_train_part_1_lleqvkicdq,fake
dfdc,dfdc_train_part_1_llypatkcie,fake
dfdc,dfdc_train_part_1_lmysqmrute,fake
dfdc,dfdc_train_part_1_lnfcazoshs,fake
dfdc,dfdc_train_part_1_lnrkpcwvnm,fake
dfdc,dfdc_train_part_1_lnuwkizkiw,fake
dfdc,dfdc_train_part_1_lqcigdcmrg,fake
dfdc,dfdc_train_part_1_luggvvjmuh,fake
dfdc,dfdc_train_part_1_lvazyngbtu,fake
dfdc,dfdc_train_part_1_lvezyjazzd,fake
dfdc,dfdc_train_part_1_lwaavueeng,fake
dfdc,dfdc_train_part_1_lweyqsgphu,fake
dfdc,dfdc_train_part_1_lychwmahoa,fake
dfdc,dfdc_train_part_1_lyqpazadyt,fake
dfdc,dfdc_train_part_1_lzkyontpcf,fake
dfdc,dfdc_train_part_1_maktypgsfl,fake
dfdc,dfdc_train_part_1_mdfndlljvt,fake
dfdc,dfdc_train_part_1_mfqaexykvd,fake
dfdc,dfdc_train_part_1_mlilusapoq,fake
dfdc,dfdc_train_part_1_mrffobxmkd,fake
dfdc,dfdc_train_part_1_mrkwspdvna,fake
dfdc,dfdc_train_part_1_murnucmpqu,fake
dfdc,dfdc_train_part_1_mzfdaznsek,fake
dfdc,dfdc_train_part_1_nalstjqemq,fake
dfdc,dfdc_train_part_1_natlglvblt,fake
dfdc,dfdc_train_part_1_ndvaqbmiqd,fake
dfdc,dfdc_train_part_1_nfsztvjqpk,fake
dfdc,dfdc_train_part_1_nhampbvryx,fake
dfdc,dfdc_train_part_1_nhmsyimuds,fake
dfdc,dfdc_train_part_1_nitsucojax,fake
dfdc,dfdc_train_part_1_nknzisrxby,fake
dfdc,dfdc_train_part_1_nmzzzlgayc,fake
dfdc,dfdc_train_part_1_nnchfswufs,fake
dfdc,dfdc_train_part_1_npyprpqhlv,fake
dfdc,dfdc_train_part_1_nqdvvzopgs,fake
dfdc,dfdc_train_part_1_nrfcufckxa,fake
dfdc,dfdc_train_part_1_nsvdrlugkt,fake
dfdc,dfdc_train_part_1_nswtvttxre,real
dfdc,dfdc_train_part_1_nvpwvgyuwp,fake
dfdc,dfdc_train_part_1_nxdubandjx,fake
dfdc,dfdc_train_part_1_nxgzmgzkfv,fake
dfdc,dfdc_train_part_1_nyamcaufxi,fake
dfdc,dfdc_train_part_1_nyvjdscuoa,fake
dfdc,dfdc_train_part_1_oaioeivsbq,fake
dfdc,dfdc_train_part_1_ocnqcaojtf,real
dfdc,dfdc_train_part_1_oecamgmbpk,fake
dfdc,dfdc_train_part_1_ohuzzfkldf,fake
dfdc,dfdc_train_part_1_onewdbuehd,fake
dfdc,dfdc_train_part_1_oozwmptkku,fake
dfdc,dfdc_train_part_1_orblnqzpra,real
dfdc,dfdc_train_part_1_ordbmlumud,fake
dfdc,dfdc_train_part_1_ortvcnoghh,fake
dfdc,dfdc_train_part_1_oumxssjnem,fake
dfdc,dfdc_train_part_1_ovjuqhpihp,fake
dfdc,dfdc_train_part_1_oysopgovhu,fake
dfdc,dfdc_train_part_1_ozxrqttooz,fake
dfdc,dfdc_train_part_1_paljdxjnve,fake
dfdc,dfdc_train_part_1_pbadlmyohy,fake
dfdc,dfdc_train_part_1_pbxvqvqxem,fake
dfdc,dfdc_train_part_1_pfatjcyalg,fake
dfdc,dfdc_train_part_1_pgeibxkxri,fake
dfdc,dfdc_train_part_1_pjqwaiphnt,fake
dfdc,dfdc_train_part_1_pokscsbens,fake
dfdc,dfdc_train_part_1_pqzltkbggi,fake
dfdc,dfdc_train_part_1_puoqeuzlow,fake
dfdc,dfdc_train_part_1_pwaqrbyaat,fake
dfdc,dfdc_train_part_1_pwxefhyxxu,fake
dfdc,dfdc_train_part_1_pxvxurfyuy,fake
dfdc,dfdc_train_part_1_pzyfqmmyxh,fake
dfdc,dfdc_train_part_1_pzzrcsfrtq,fake
dfdc,dfdc_train_part_1_qeqleurpmu,fake
dfdc,dfdc_train_part_1_qgmxbftvrn,fake
dfdc,dfdc_train_part_1_qhaawkjucp,fake
dfdc,dfdc_train_part_1_qhornnqxmb,fake
dfdc,dfdc_train_part_1_qlbphfahuf,fake
dfdc,dfdc_train_part_1_qpcgkqdydv,fake
dfdc,dfdc_train_part_1_qvaxapfttc,fake
dfdc,dfdc_train_part_1_qwxekdfymh,fake
dfdc,dfdc_train_part_1_qxbkmqeerz,fake
dfdc,dfdc_train_part_1_rbpzdyxdtr,fake
dfdc,dfdc_train_part_1_rejbgucbqn,fake
dfdc,dfdc_train_part_1_rjwdxvcsdg,fake
dfdc,dfdc_train_part_1_rkafqojwlz,fake
dfdc,dfdc_train_part_1_rkzhwkvytv,fake
dfdc,dfdc_train_part_1_rouhxkadcj,fake
dfdc,dfdc_train_part_1_rpieqdamhl,fake
dfdc,dfdc_train_part_1_rqauhvfqxr,fake
dfdc,dfdc_train_part_1_rroasyblee,fake
dfdc,dfdc_train_part_1_rtpblvywlq,fake
dfdc,dfdc_train_part_1_rubsrklwhx,fake
dfdc,dfdc_train_part_1_rulvnayuug,fake
dfdc,dfdc_train_part_1_rxbabwdbhj,fake
dfdc,dfdc_train_part_1_ryeqvtkqdh,fake
dfdc,dfdc_train_part_1_saswxthuel,fake
dfdc,dfdc_train_part_1_sbhqmwexhj,fake
dfdc,dfdc_train_part_1_sclvdumbkh,fake
dfdc,dfdc_train_part_1_sjinmmbipg,fake
dfdc,dfdc_train_part_1_sjttsrfmjf,fake
dfdc,dfdc_train_part_1_skrwnpzxfz,fake
dfdc,dfdc_train_part_1_snqpxfecxh,fake
dfdc,dfdc_train_part_1_snvgdxhfkb,fake
dfdc,dfdc_train_part_1_soklpfdyox,fake
dfdc,dfdc_train_part_1_spetzyllrv,fake
dfdc,dfdc_train_part_1_splqjmdwzs,fake
dfdc,dfdc_train_part_1_stqqcwjqsz,fake
dfdc,dfdc_train_part_1_sxyzmmjchv,fake
dfdc,dfdc_train_part_1_tbrtzxnmlt,fake
dfdc,dfdc_train_part_1_tcdooxhevx,fake
dfdc,dfdc_train_part_1_tgtndszori,fake
dfdc,dfdc_train_part_1_tijqzpjcmz,fake
dfdc,dfdc_train_part_1_tjhpwqxqlu,fake
dfdc,dfdc_train_part_1_tlckzyddpt,fake
dfdc,dfdc_train_part_1_tvolfiusfg,fake
dfdc,dfdc_train_part_1_txvcwipjsf,fake
dfdc,dfdc_train_part_1_tzlcyvbqwd,fake
dfdc,dfdc_train_part_1_uajmaxyvix,fake
dfdc,dfdc_train_part_1_uaxuujmjkz,fake
dfdc,dfdc_train_part_1_ubgeozxdug,fake
dfdc,dfdc_train_part_1_ubwgmlzjzc,fake
dfdc,dfdc_train_part_1_uidllncyjd,fake
dfdc,dfdc_train_part_1_ujaszufrwz,fake
dfdc,dfdc_train_part_1_ulrnavreps,fake
dfdc,dfdc_train_part_1_urzqzbnmkf,fake
dfdc,dfdc_train_part_1_utskpxqijx,fake
dfdc,dfdc_train_part_1_uufofdpfds,fake
dfdc,dfdc_train_part_1_uxojvdlrje,fake
dfdc,dfdc_train_part_1_uxynygwdiu,fake
dfdc,dfdc_train_part_1_uyfrarhvjm,fake
dfdc,dfdc_train_part_1_uyvzsejsbq,fake
dfdc,dfdc_train_part_1_uzuszkqnch,fake
dfdc,dfdc_train_part_1_vblfzgmypv,fake
dfdc,dfdc_train_part_1_vnbsqmaoyd,fake
dfdc,dfdc_train_part_1_vnvqcbunxx,fake
dfdc,dfdc_train_part_1_vuonuxzhhb,fake
dfdc,dfdc_train_part_1_vuzxnahdcz,fake
dfdc,dfdc_train_part_1_vzhhabdkic,fake
dfdc,dfdc_train_part_1_vzywqvchez,fake
dfdc,dfdc_train_part_1_waaeyecbto,fake
dfdc,dfdc_train_part_1_wakshhcdwv,fake
dfdc,dfdc_train_part_1_wcfuseusyy,fake
dfdc,dfdc_train_part_1_webzbvjxwo,fake
dfdc,dfdc_train_part_1_wffenwrkeq,fake
dfdc,dfdc_train_part_1_wjkcknpamc,fake
dfdc,dfdc_train_part_1_wjykttglwn,fake
dfdc,dfdc_train_part_1_wklrgvjlfd,fake
dfdc,dfdc_train_part_1_wlcdfpjyhi,fake
dfdc,dfdc_train_part_1_wqdsarmger,real
dfdc,dfdc_train_part_1_wwkmeypytp,fake
dfdc,dfdc_train_part_1_wyevylgxhv,fake
dfdc,dfdc_train_part_1_wyqjhmngma,fake
dfdc,dfdc_train_part_1_wyshvkdiqg,fake
dfdc,dfdc_train_part_1_xbctgvzitp,fake
dfdc,dfdc_train_part_1_xbkltcjfoq,fake
dfdc,dfdc_train_part_1_xhegjwkfaa,fake
dfdc,dfdc_train_part_1_xhourslujq,fake
dfdc,dfdc_train_part_1_xjvxtuakyd,fake
dfdc,dfdc_train_part_1_xjzmkuxskq,real
dfdc,dfdc_train_part_1_xmbfxuhund,fake
dfdc,dfdc_train_part_1_xnevdkbmkd,fake
dfdc,dfdc_train_part_1_xnjofwbsfg,fake
dfdc,dfdc_train_part_1_xnyryxpmoo,fake
dfdc,dfdc_train_part_1_xonsffcpsi,fake
dfdc,dfdc_train_part_1_xpqlcziqqb,fake
dfdc,dfdc_train_part_1_xqofjuekpv,fake
dfdc,dfdc_train_part_1_xsqzctwhge,fake
dfdc,dfdc_train_part_1_xsswirhdze,fake
dfdc,dfdc_train_part_1_xzgbdohfpe,fake
dfdc,dfdc_train_part_1_yakbkegdby,fake
dfdc,dfdc_train_part_1_ybbziapzmv,fake
dfdc,dfdc_train_part_1_ycarzdbzwy,fake
dfdc,dfdc_train_part_1_ydlqzalqia,fake
dfdc,dfdc_train_part_1_ydxutkwsoa,fake
dfdc,dfdc_train_part_1_yegvwrsewn,fake
dfdc,dfdc_train_part_1_yeynimarop,fake
dfdc,dfdc_train_part_1_yhnhgxwgxw,fake
dfdc,dfdc_train_part_1_yitsrqeiih,fake
dfdc,dfdc_train_part_1_yjvtkxiglv,fake
dfdc,dfdc_train_part_1_ykonyxjpma,fake
dfdc,dfdc_train_part_1_yotsfuryir,fake
dfdc,dfdc_train_part_1_yowlrvmqyq,fake
dfdc,dfdc_train_part_1_yoyhmxtrys,fake
dfdc,dfdc_train_part_1_ypbtpunjvm,real
dfdc,dfdc_train_part_1_yuteraqwck,fake
dfdc,dfdc_train_part_1_yxryufzwen,fake
dfdc,dfdc_train_part_1_yzjhlsddmg,fake
dfdc,dfdc_train_part_1_zbcyshikxh,fake
dfdc,dfdc_train_part_1_zbgnvugdcf,fake
dfdc,dfdc_train_part_1_zdkyyawcwe,fake
dfdc,dfdc_train_part_1_zhpatactee,fake
dfdc,dfdc_train_part_1_zkngpopdzk,fake
dfdc,dfdc_train_part_1_zmkmyjlzpt,fake
dfdc,dfdc_train_part_1_zobcwjtlir,fake
dfdc,dfdc_train_part_1_zopwbknvuj,fake
dfdc,dfdc_train_part_1_zpkxdyujgw,fake
dfdc,dfdc_train_part_1_zumqqvixhu,fake
dfdc,dfdc_train_part_1_zwgkshtnks,fake
dfdc,dfdc_train_part_1_zxetnidnow,fake
dfdc,dfdc_train_part_1_zxknocbndw,fake
dfdc,dfdc_train_part_2_aaujbbfhqu,fake
dfdc,dfdc_train_part_2_accuranbpc,fake
dfdc,dfdc_train_part_2_aekcmnblby,fake
dfdc,dfdc_train_part_2_afkfweamui,fake
dfdc,dfdc_train_part_2_agziimvuqi,fake
dfdc,dfdc_train_part_2_aklyvmtbnz,fake
dfdc,dfdc_train_part_2_aljjmeqszq,fake
dfdc,dfdc_train_part_2_apahohbfek,fake
dfdc,dfdc_train_part_2_arcviozhqq,fake
dfdc,dfdc_train_part_2_atophdvemg,fake
dfdc,dfdc_train_part_2_axyzsqhnts,fake
dfdc,dfdc_train_part_2_azrnasfxsw,fake
dfdc,dfdc_train_part_2_azvpvieiaj,fake
dfdc,dfdc_train_part_2_bakuscluwn,fake
dfdc,dfdc_train_part_2_bddbwurxar,fake
dfdc,dfdc_train_part_2_beyrhsvlrt,fake
dfdc,dfdc_train_part_2_bfibrgtvjc,fake
dfdc,dfdc_train_part_2_bftztxnheg,fake
dfdc,dfdc_train_part_2_bhetenlzsp,fake
dfdc,dfdc_train_part_2_bjaejffikm,fake
dfdc,dfdc_train_part_2_bjorshdgjo,fake
dfdc,dfdc_train_part_2_blfwnbitgb,fake
dfdc,dfdc_train_part_2_bnwlsejuna,fake
dfdc,dfdc_train_part_2_btkwpzfjbu,fake
dfdc,dfdc_train_part_2_byloqytsws,fake
dfdc,dfdc_train_part_2_cebcmahlap,fake
dfdc,dfdc_train_part_2_cezihuwtca,fake
dfdc,dfdc_train_part_2_cfmapbvctw,fake
dfdc,dfdc_train_part_2_cgjgaddbbw,fake
dfdc,dfdc_train_part_2_cgqkyamfzl,fake
dfdc,dfdc_train_part_2_cjbejshqep,fake
dfdc,dfdc_train_part_2_cnqqljnnuc,fake
dfdc,dfdc_train_part_2_colylxvjmu,fake
dfdc,dfdc_train_part_2_cshlbvfpzi,fake
dfdc,dfdc_train_part_2_cugqzibkas,fake
dfdc,dfdc_train_part_2_cumumecvxk,fake
dfdc,dfdc_train_part_2_cvqlmslhdv,fake
dfdc,dfdc_train_part_2_cwhoszpfek,fake
dfdc,dfdc_train_part_2_cwjtawpefj,fake
dfdc,dfdc_train_part_2_cwqislqtti,fake
dfdc,dfdc_train_part_2_cxqucbhale,fake
dfdc,dfdc_train_part_2_cxsqjzyauw,fake
dfdc,dfdc_train_part_2_czxafoeluc,fake
dfdc,dfdc_train_part_2_dbrzclhznh,fake
dfdc,dfdc_train_part_2_dbyfoksnlh,fake
dfdc,dfdc_train_part_2_djzyraaict,fake
dfdc,dfdc_train_part_2_dkbhjjbmxj,fake
dfdc,dfdc_train_part_2_dkphahwdrr,fake
dfdc,dfdc_train_part_2_dqqwmmwlbg,fake
dfdc,dfdc_train_part_2_dswaxbhfgs,fake
dfdc,dfdc_train_part_2_dtrpvcrbyk,fake
dfdc,dfdc_train_part_2_dweqqukuhk,fake
dfdc,dfdc_train_part_2_dzjswiqnmm,fake
dfdc,dfdc_train_part_2_ebezansurq,real
dfdc,dfdc_train_part_2_edjdplatqy,fake
dfdc,dfdc_train_part_2_edmiitrplj,fake
dfdc,dfdc_train_part_2_eerhmzaebh,real
dfdc,dfdc_train_part_2_eeyomeqcox,fake
dfdc,dfdc_train_part_2_egwyvhmynr,fake
dfdc,dfdc_train_part_2_ekboxwrwuv,fake
dfdc,dfdc_train_part_2_elpxrseijw,fake
dfdc,dfdc_train_part_2_enerzluejw,fake
dfdc,dfdc_train_part_2_eqkticrtvs,fake
dfdc,dfdc_train_part_2_etfyvfbnbm,fake
dfdc,dfdc_train_part_2_evoieivlzm,fake
dfdc,dfdc_train_part_2_ezbvvongzk,real
dfdc,dfdc_train_part_2_ezshcaeksv,fake
dfdc,dfdc_train_part_2_faeusxtffd,fake
dfdc,dfdc_train_part_2_fazxlgrnot,fake
dfdc,dfdc_train_part_2_fbzyimzylr,fake
dfdc,dfdc_train_part_2_fcocsuznuz,fake
dfdc,dfdc_train_part_2_fdyzixbbni,fake
dfdc,dfdc_train_part_2_feurfvmagm,fake
dfdc,dfdc_train_part_2_fgrahniqqd,fake
dfdc,dfdc_train_part_2_fljjrisqoy,fake
dfdc,dfdc_train_part_2_foohyhbmhe,fake
dfdc,dfdc_train_part_2_fqgypsunzr,fake
dfdc,dfdc_train_part_2_fsbjrmyfdv,fake
dfdc,dfdc_train_part_2_fyqyindnzs,fake
dfdc,dfdc_train_part_2_gbwgfjfwax,fake
dfdc,dfdc_train_part_2_gbyttktwdg,fake
dfdc,dfdc_train_part_2_gduzikqfgp,fake
dfdc,dfdc_train_part_2_gfaokyqycj,fake
dfdc,dfdc_train_part_2_ghncfauixn,fake
dfdc,dfdc_train_part_2_gisfmijhfw,fake
dfdc,dfdc_train_part_2_glpzlkxzsm,fake
dfdc,dfdc_train_part_2_gmdrzdxsfh,fake
dfdc,dfdc_train_part_2_gqauayeamb,real
dfdc,dfdc_train_part_2_gsdxqkdkzu,fake
dfdc,dfdc_train_part_2_gujltqnimc,fake
dfdc,dfdc_train_part_2_gwqplejvnt,fake
dfdc,dfdc_train_part_2_gxnpgaquti,fake
dfdc,dfdc_train_part_2_gzlgpafpax,fake
dfdc,dfdc_train_part_2_gzsppugoek,fake
dfdc,dfdc_train_part_2_hbpnvvuloc,fake
dfdc,dfdc_train_part_2_hfvxpofxfr,fake
dfdc,dfdc_train_part_2_hgbdjfkrpe,fake
dfdc,dfdc_train_part_2_hgqqxcrajb,fake
dfdc,dfdc_train_part_2_hjiixnernu,real
dfdc,dfdc_train_part_2_hjjlobakpe,fake
dfdc,dfdc_train_part_2_hnrejhehka,fake
dfdc,dfdc_train_part_2_houbvfwmrd,fake
dfdc,dfdc_train_part_2_hpomzutmfq,fake
dfdc,dfdc_train_part_2_hsllwtgadk,fake
dfdc,dfdc_train_part_2_htzbnroagi,real
dfdc,dfdc_train_part_2_hutztepdmq,fake
dfdc,dfdc_train_part_2_idfpkfirul,fake
dfdc,dfdc_train_part_2_ifltvewlpa,fake
dfdc,dfdc_train_part_2_ihckldqxzj,fake
dfdc,dfdc_train_part_2_imdmhwkkni,fake
dfdc,dfdc_train_part_2_imuifxhtpx,fake
dfdc,dfdc_train_part_2_iorbtaarte,real
dfdc,dfdc_train_part_2_iorisovmxr,fake
dfdc,dfdc_train_part_2_ipkpxvwroe,fake
dfdc,dfdc_train_part_2_iwhjscvlfg,fake
dfdc,dfdc_train_part_2_ixzkhxrmka,real
dfdc,dfdc_train_part_2_izrevxyfet,fake
dfdc,dfdc_train_part_2_jalutuvgew,fake
dfdc,dfdc_train_part_2_jaogotncwj,fake
dfdc,dfdc_train_part_2_japffgogpn,fake
dfdc,dfdc_train_part_2_jfbeqfotli,fake
dfdc,dfdc_train_part_2_jhnjkjvwgd,fake
dfdc,dfdc_train_part_2_jiswxuqzyz,real
dfdc,dfdc_train_part_2_jiynwlziwv,fake
dfdc,dfdc_train_part_2_jjycletzyl,real
dfdc,dfdc_train_part_2_jlmmslbing,fake
dfdc,dfdc_train_part_2_jorezqxvud,fake
dfdc,dfdc_train_part_2_jowxvukjyo,fake
dfdc,dfdc_train_part_2_jsxqmxtmgu,fake
dfdc,dfdc_train_part_2_jvxticvhgh,fake
dfdc,dfdc_train_part_2_jzimocxipm,fake
dfdc,dfdc_train_part_2_kbphucawml,fake
dfdc,dfdc_train_part_2_kfjalioqsz,fake
dfdc,dfdc_train_part_2_kgfjkhfhvg,fake
dfdc,dfdc_train_part_2_kgsgnwoahd,fake
dfdc,dfdc_train_part_2_kqrwehyplx,fake
dfdc,dfdc_train_part_2_kstrpowvav,fake
dfdc,dfdc_train_part_2_kwkjrvwhfs,fake
dfdc,dfdc_train_part_2_kxlehffktu,fake
dfdc,dfdc_train_part_2_kxnfqjansf,fake
dfdc,dfdc_train_part_2_kyantkimbq,fake
dfdc,dfdc_train_part_2_lagnvmxexq,fake
dfdc,dfdc_train_part_2_lapbrokvri,fake
dfdc,dfdc_train_part_2_lbigytrrtr,real
dfdc,dfdc_train_part_2_ldmoodikzl,fake
dfdc,dfdc_train_part_2_lfhylfpbem,fake
dfdc,dfdc_train_part_2_lidetzyzjl,fake
dfdc,dfdc_train_part_2_lkmrjtsrsv,fake
dfdc,dfdc_train_part_2_luugakcroo,fake
dfdc,dfdc_train_part_2_maczkptqhf,fake
dfdc,dfdc_train_part_2_mapkjstmip,fake
dfdc,dfdc_train_part_2_mbzgpdvbwo,fake
dfdc,dfdc_train_part_2_mdgbfnyoys,real
dfdc,dfdc_train_part_2_mlaxxgpqlx,fake
dfdc,dfdc_train_part_2_mldkxuuwze,fake
dfdc,dfdc_train_part_2_mmgvyvdaqt,fake
dfdc,dfdc_train_part_2_mnaqhfnjre,fake
dfdc,dfdc_train_part_2_mopqndishn,fake
dfdc,dfdc_train_part_2_mqsuoaynsx,fake
dfdc,dfdc_train_part_2_mrgbytmuzz,fake
dfdc,dfdc_train_part_2_mshernruud,fake
dfdc,dfdc_train_part_2_murqgmxknx,fake
dfdc,dfdc_train_part_2_mvcochjior,fake
dfdc,dfdc_train_part_2_mvswfbqmss,fake
dfdc,dfdc_train_part_2_mwocdprfiu,real
dfdc,dfdc_train_part_2_mwxecbuidu,real
dfdc,dfdc_train_part_2_myitknpeec,fake
dfdc,dfdc_train_part_2_mzngitwont,fake
dfdc,dfdc_train_part_2_nawtezpgnm,real
dfdc,dfdc_train_part_2_ndikguxzek,fake
dfdc,dfdc_train_part_2_nexkqdemjm,fake
dfdc,dfdc_train_part_2_nhgyntvhbg,fake
dfdc,dfdc_train_part_2_noljdyeghv,fake
dfdc,dfdc_train_part_2_nrcikcukhf,fake
dfdc,dfdc_train_part_2_ntjlknlcvn,fake
dfdc,dfdc_train_part_2_nvcczlkuvt,fake
dfdc,dfdc_train_part_2_nwyqweomhm,fake
dfdc,dfdc_train_part_2_nxabngwifq,fake
dfdc,dfdc_train_part_2_nxhbxtqhtb,fake
dfdc,dfdc_train_part_2_nyipbqspwl,fake
dfdc,dfdc_train_part_2_obbhgtppov,fake
dfdc,dfdc_train_part_2_obwygkicpv,fake
dfdc,dfdc_train_part_2_oefukgnvel,real
dfdc,dfdc_train_part_2_ogghhskfdr,real
dfdc,dfdc_train_part_2_ogzaflxjtk,fake
dfdc,dfdc_train_part_2_ojbnddjuzy,real
dfdc,dfdc_train_part_2_opdknicmau,fake
dfdc,dfdc_train_part_2_orkccpsdba,real
dfdc,dfdc_train_part_2_orldpmngae,fake
dfdc,dfdc_train_part_2_osjxxblajo,fake
dfdc,dfdc_train_part_2_oszcovipbm,fake
dfdc,dfdc_train_part_2_otilzpjrfc,fake
dfdc,dfdc_train_part_2_oypuaodmql,fake
dfdc,dfdc_train_part_2_oztdghmdxo,fake
dfdc,dfdc_train_part_2_pabtvtqbpz,fake
dfdc,dfdc_train_part_2_pcvpkdmppy,fake
dfdc,dfdc_train_part_2_pejnqlovvf,fake
dfdc,dfdc_train_part_2_phvzvwsxtx,real
dfdc,dfdc_train_part_2_pinatsphkj,fake
dfdc,dfdc_train_part_2_pisqdmzpcc,fake
dfdc,dfdc_train_part_2_pnjzfeokjv,fake
dfdc,dfdc_train_part_2_pomtnbjmsu,fake
dfdc,dfdc_train_part_2_pooyjoentg,fake
dfdc,dfdc_train_part_2_pppywrdngk,fake
dfdc,dfdc_train_part_2_prgdhntsla,fake
dfdc,dfdc_train_part_2_prtmksqbcv,fake
dfdc,dfdc_train_part_2_pruvhwligx,fake
dfdc,dfdc_train_part_2_prwsfljdjo,real
dfdc,dfdc_train_part_2_psesikjaxx,real
dfdc,dfdc_train_part_2_puntestxix,fake
dfdc,dfdc_train_part_2_pvgotgpsft,fake
dfdc,dfdc_train_part_2_pvtcrpqoet,fake
dfdc,dfdc_train_part_2_pycijresne,fake
dfdc,dfdc_train_part_2_qgnlsfxjnw,fake
dfdc,dfdc_train_part_2_qjuhejzyeq,fake
dfdc,dfdc_train_part_2_qksjhpeiae,fake
dfdc,dfdc_train_part_2_qrezkkaymo,fake
dfdc,dfdc_train_part_2_qsuinwnjjb,real
dfdc,dfdc_train_part_2_qxatnspkbp,fake
dfdc,dfdc_train_part_2_qynbklgrrm,fake
dfdc,dfdc_train_part_2_ranvoqkzwn,fake
dfdc,dfdc_train_part_2_rayekvigxv,real
dfdc,dfdc_train_part_2_rkkqebtkch,fake
dfdc,dfdc_train_part_2_rlkrteswpq,fake
dfdc,dfdc_train_part_2_rrfrmzwiao,fake
dfdc,dfdc_train_part_2_rrjdtfbygt,fake
dfdc,dfdc_train_part_2_rsuzqyjrhm,fake
dfdc,dfdc_train_part_2_ruhtnngrqv,real
dfdc,dfdc_train_part_2_rvhkguqcff,fake
dfdc,dfdc_train_part_2_rwxtbuazte,fake
dfdc,dfdc_train_part_2_rwydnzpyzw,fake
dfdc,dfdc_train_part_2_rxhklivqeh,fake
dfdc,dfdc_train_part_2_rzfuspmsky,fake
dfdc,dfdc_train_part_2_sckgpvbzpc,fake
dfdc,dfdc_train_part_2_semkwpxsom,fake
dfdc,dfdc_train_part_2_sevpubemdc,fake
dfdc,dfdc_train_part_2_shefxrlguk,fake
dfdc,dfdc_train_part_2_shqrlgxpnm,fake
dfdc,dfdc_train_part_2_skhlpqxrqw,fake
dfdc,dfdc_train_part_2_skwgkomhwg,fake
dfdc,dfdc_train_part_2_sljaizccqh,fake
dfdc,dfdc_train_part_2_sncbbupkok,fake
dfdc,dfdc_train_part_2_snhsvdcgpm,fake
dfdc,dfdc_train_part_2_sqnllaanol,fake
dfdc,dfdc_train_part_2_stgweqepva,fake
dfdc,dfdc_train_part_2_swqazbkruv,fake
dfdc,dfdc_train_part_2_sxscnjzfbo,fake
dfdc,dfdc_train_part_2_sxxwfcobji,fake
dfdc,dfdc_train_part_2_tasfvqdjjj,fake
dfdc,dfdc_train_part_2_tbsgtffckm,fake
dfdc,dfdc_train_part_2_tcllqhkyvg,fake
dfdc,dfdc_train_part_2_tdpedccagg,fake
dfdc,dfdc_train_part_2_tejfudfgpq,real
dfdc,dfdc_train_part_2_terlujixxf,fake
dfdc,dfdc_train_part_2_thentwgugx,fake
dfdc,dfdc_train_part_2_tirwaljykv,fake
dfdc,dfdc_train_part_2_tjuihawuqm,fake
dfdc,dfdc_train_part_2_tkmbczjxjr,fake
dfdc,dfdc_train_part_2_tomfehexjw,fake
dfdc,dfdc_train_part_2_truwgbqpni,fake
dfdc,dfdc_train_part_2_tssnkrqorm,fake
dfdc,dfdc_train_part_2_tvjasbrchx,fake
dfdc,dfdc_train_part_2_tvmnxkhbgw,fake
dfdc,dfdc_train_part_2_txlzfnddji,fake
dfdc,dfdc_train_part_2_txnmkabufs,real
dfdc,dfdc_train_part_2_tzbglleskg,fake
dfdc,dfdc_train_part_2_tzmithsdcj,real
dfdc,dfdc_train_part_2_uavcnuldga,fake
dfdc,dfdc_train_part_2_ugrlhuxwkw,real
dfdc,dfdc_train_part_2_uhozevycgj,fake
dfdc,dfdc_train_part_2_ujaemekjcx,fake
dfdc,dfdc_train_part_2_ukclebahfm,fake
dfdc,dfdc_train_part_2_uuqrzdhjuh,real
dfdc,dfdc_train_part_2_uvntelzsnn,fake
dfdc,dfdc_train_part_2_uzcfbthcin,fake
dfdc,dfdc_train_part_2_uzhujugirn,fake
dfdc,dfdc_train_part_2_vaozzirfnj,fake
dfdc,dfdc_train_part_2_vbfjlcuswe,real
dfdc,dfdc_train_part_2_vhbbwdflyh,fake
dfdc,dfdc_train_part_2_vhnnlnkeyf,fake
dfdc,dfdc_train_part_2_vhpupxveay,fake
dfdc,dfdc_train_part_2_vjujyhfhrz,fake
dfdc,dfdc_train_part_2_vmigrsncac,fake
dfdc,dfdc_train_part_2_vogwbosucz,fake
dfdc,dfdc_train_part_2_vpjrlsnfzy,fake
dfdc,dfdc_train_part_2_vrfmupvimm,fake
dfdc,dfdc_train_part_2_vwikrwipol,fake
dfdc,dfdc_train_part_2_vyggbiovvt,fake
dfdc,dfdc_train_part_2_vzrgckofjv,fake
dfdc,dfdc_train_part_2_wbuajbdcfs,real
dfdc,dfdc_train_part_2_wbwipxamgj,fake
dfdc,dfdc_train_part_2_wcvsqnplsk,fake
dfdc,dfdc_train_part_2_whpwsctanc,fake
dfdc,dfdc_train_part_2_wifosdehgx,fake
dfdc,dfdc_train_part_2_wixujncvee,real
dfdc,dfdc_train_part_2_wjknicnryr,fake
dfdc,dfdc_train_part_2_wqsveixiyo,real
dfdc,dfdc_train_part_2_wtfqzzrxmx,fake
dfdc,dfdc_train_part_2_wuhsetsmba,fake
dfdc,dfdc_train_part_2_wuxsmzxkfk,fake
dfdc,dfdc_train_part_2_wvowwzbgbd,fake
dfdc,dfdc_train_part_2_wxeohxknkm,fake
dfdc,dfdc_train_part_2_wxgphbzlpn,fake
dfdc,dfdc_train_part_2_wyfckvawpg,fake
dfdc,dfdc_train_part_2_wzbmpqcdof,fake
dfdc,dfdc_train_part_2_wzsfoifswy,fake
dfdc,dfdc_train_part_2_xauhzmhqdk,fake
dfdc,dfdc_train_part_2_xdssolqmxa,fake
dfdc,dfdc_train_part_2_xdtuvxwenq,fake
dfdc,dfdc_train_part_2_xfdqklwidy,fake
dfdc,dfdc_train_part_2_xfoaofsmzi,fake
dfdc,dfdc_train_part_2_xgbrtjtiuy,fake
dfdc,dfdc_train_part_2_xhfbvmlygm,fake
dfdc,dfdc_train_part_2_xjlrrfqrxa,fake
dfdc,dfdc_train_part_2_xlixnbjyhz,fake
dfdc,dfdc_train_part_2_xmswsrpjcq,fake
dfdc,dfdc_train_part_2_xomjpqxtdh,fake
dfdc,dfdc_train_part_2_xphdfgmfmz,fake
dfdc,dfdc_train_part_2_xpukbfhfed,fake
dfdc,dfdc_train_part_2_xswdwufkyy,fake
dfdc,dfdc_train_part_2_xutzudyhsp,fake
dfdc,dfdc_train_part_2_xwpcgrdpqy,fake
dfdc,dfdc_train_part_2_xyrslykzlj,fake
dfdc,dfdc_train_part_2_yarpxfqejd,fake
dfdc,dfdc_train_part_2_yblzpeegnk,fake
dfdc,dfdc_train_part_2_ybnjvhunta,fake
dfdc,dfdc_train_part_2_ycszmelaqh,fake
dfdc,dfdc_train_part_2_ydzbpreamo,fake
dfdc,dfdc_train_part_2_ygbajspsux,fake
dfdc,dfdc_train_part_2_yimegvkqzu,fake
dfdc,dfdc_train_part_2_ykiewiehnr,fake
dfdc,dfdc_train_part_2_yledmqctba,fake
dfdc,dfdc_train_part_2_yronlutbgm,real
dfdc,dfdc_train_part_2_yvdqvdqcqj,fake
dfdc,dfdc_train_part_2_yyfdhmrfgg,fake
dfdc,dfdc_train_part_2_zbivmmunpc,fake
dfdc,dfdc_train_part_2_zfnbkyefuh,real
dfdc,dfdc_train_part_2_zltamubaab,fake
dfdc,dfdc_train_part_2_zpvsselkos,fake
dfdc,dfdc_train_part_2_zvnwnkfbpz,fake
dfdc,dfdc_train_part_2_zwlasrtutr,fake
dfdc,dfdc_train_part_2_zxacihctqp,real
dfdc,dfdc_train_part_2_zycouhitte,fake
dfdc,dfdc_train_part_2_zyxrpvarcw,fake
dfdc,dfdc_train_part_2_zzaiypxdnt,fake
dfdc,dfdc_train_part_2_zzmgnglanj,real
