model,dataset,level,threshold,metric,mean,std,n_seeds
specxnet,celebdf,frame,calibrated_0.35,acc,0.7053,0.0056,3
specxnet,celebdf,frame,calibrated_0.35,auc,0.7242,0.0165,3
specxnet,celebdf,frame,calibrated_0.35,f1,0.2949,0.0235,3
specxnet,celebdf,frame,calibrated_0.35,precision,0.831,0.0408,3
specxnet,celebdf,frame,calibrated_0.35,recall,0.1797,0.0177,3
specxnet,celebdf,frame,fixed_0.5,acc,0.6987,0.0041,3
specxnet,celebdf,frame,fixed_0.5,auc,0.7242,0.0165,3
specxnet,celebdf,frame,fixed_0.5,f1,0.2535,0.0228,3
specxnet,celebdf,frame,fixed_0.5,precision,0.8548,0.0379,3
specxnet,celebdf,frame,fixed_0.5,recall,0.1493,0.0162,3
specxnet,celebdf,video,calibrated_0.35,acc,0.7079,0.01,3
specxnet,celebdf,video,calibrated_0.35,auc,0.8127,0.0156,3
specxnet,celebdf,video,calibrated_0.35,f1,0.262,0.0416,3
specxnet,celebdf,video,calibrated_0.35,precision,0.9867,0.0189,3
specxnet,celebdf,video,calibrated_0.35,recall,0.1517,0.0279,3
specxnet,celebdf,video,fixed_0.5,acc,0.6815,0.0,3
specxnet,celebdf,video,fixed_0.5,auc,0.8127,0.0156,3
specxnet,celebdf,video,fixed_0.5,f1,0.1361,0.0,3
specxnet,celebdf,video,fixed_0.5,precision,1.0,0.0,3
specxnet,celebdf,video,fixed_0.5,recall,0.073,0.0,3
specxnet,dfdc,frame,calibrated_0.35,acc,0.8116,0.0184,3
specxnet,dfdc,frame,calibrated_0.35,auc,0.7178,0.0098,3
specxnet,dfdc,frame,calibrated_0.35,f1,0.3432,0.0024,3
specxnet,dfdc,frame,calibrated_0.35,precision,0.2771,0.0177,3
specxnet,dfdc,frame,calibrated_0.35,recall,0.4571,0.0399,3
specxnet,dfdc,frame,fixed_0.5,acc,0.8277,0.0148,3
specxnet,dfdc,frame,fixed_0.5,auc,0.7178,0.0098,3
specxnet,dfdc,frame,fixed_0.5,f1,0.3424,0.0042,3
specxnet,dfdc,frame,fixed_0.5,precision,0.2933,0.0166,3
specxnet,dfdc,frame,fixed_0.5,recall,0.4176,0.0434,3
specxnet,dfdc,video,calibrated_0.35,acc,0.8413,0.0235,3
specxnet,dfdc,video,calibrated_0.35,auc,0.7917,0.0046,3
specxnet,dfdc,video,calibrated_0.35,f1,0.4134,0.0178,3
specxnet,dfdc,video,calibrated_0.35,precision,0.3504,0.0422,3
specxnet,dfdc,video,calibrated_0.35,recall,0.5155,0.0379,3
specxnet,dfdc,video,fixed_0.5,acc,0.8797,0.0123,3
specxnet,dfdc,video,fixed_0.5,auc,0.7917,0.0046,3
specxnet,dfdc,video,fixed_0.5,f1,0.3956,0.0112,3
specxnet,dfdc,video,fixed_0.5,precision,0.4449,0.0572,3
specxnet,dfdc,video,fixed_0.5,recall,0.3679,0.0538,3
specxnet,ffpp,frame,calibrated_0.35,acc,0.9164,0.0007,3
specxnet,ffpp,frame,calibrated_0.35,auc,0.9459,0.0045,3
specxnet,ffpp,frame,calibrated_0.35,f1,0.7397,0.0053,3
specxnet,ffpp,frame,calibrated_0.35,precision,0.7692,0.0182,3
specxnet,ffpp,frame,calibrated_0.35,recall,0.7136,0.0251,3
specxnet,ffpp,frame,fixed_0.5,acc,0.9166,0.0004,3
specxnet,ffpp,frame,fixed_0.5,auc,0.9459,0.0045,3
specxnet,ffpp,frame,fixed_0.5,f1,0.7332,0.0089,3
specxnet,ffpp,frame,fixed_0.5,precision,0.7861,0.0182,3
specxnet,ffpp,frame,fixed_0.5,recall,0.6883,0.0287,3
specxnet,ffpp,video,calibrated_0.35,acc,0.931,0.0029,3
specxnet,ffpp,video,calibrated_0.35,auc,0.9754,0.0022,3
specxnet,ffpp,video,calibrated_0.35,f1,0.7878,0.0145,3
specxnet,ffpp,video,calibrated_0.35,precision,0.8074,0.0205,3
specxnet,ffpp,video,calibrated_0.35,recall,0.7714,0.0421,3
specxnet,ffpp,video,fixed_0.5,acc,0.931,0.0026,3
specxnet,ffpp,video,fixed_0.5,auc,0.9754,0.0022,3
specxnet,ffpp,video,fixed_0.5,f1,0.7705,0.0159,3
specxnet,ffpp,video,fixed_0.5,precision,0.8633,0.0206,3
specxnet,ffpp,video,fixed_0.5,recall,0.6976,0.0379,3
defax,celebdf,frame,calibrated_0.35,acc,0.7424,0.0012,3
defax,celebdf,frame,calibrated_0.35,auc,0.7946,0.005,3
defax,celebdf,frame,calibrated_0.35,f1,0.4538,0.0153,3
defax,celebdf,frame,calibrated_0.35,precision,0.8374,0.0275,3
defax,celebdf,frame,calibrated_0.35,recall,0.312,0.0185,3
defax,celebdf,frame,fixed_0.5,acc,0.7348,0.0024,3
defax,celebdf,frame,fixed_0.5,auc,0.7946,0.005,3
defax,celebdf,frame,fixed_0.5,f1,0.416,0.0183,3
defax,celebdf,frame,fixed_0.5,precision,0.8567,0.0269,3
defax,celebdf,frame,fixed_0.5,recall,0.2754,0.0189,3
defax,celebdf,video,calibrated_0.35,acc,0.7645,0.0083,3
defax,celebdf,video,calibrated_0.35,auc,0.864,0.0047,3
defax,celebdf,video,calibrated_0.35,f1,0.4885,0.0241,3
defax,celebdf,video,calibrated_0.35,precision,0.9619,0.0286,3
defax,celebdf,video,calibrated_0.35,recall,0.3277,0.0207,3
defax,celebdf,video,fixed_0.5,acc,0.7265,0.0095,3
defax,celebdf,video,fixed_0.5,auc,0.864,0.0047,3
defax,celebdf,video,fixed_0.5,f1,0.342,0.0408,3
defax,celebdf,video,fixed_0.5,precision,0.9839,0.0115,3
defax,celebdf,video,fixed_0.5,recall,0.2079,0.0301,3
defax,dfdc,frame,calibrated_0.35,acc,0.7439,0.0208,3
defax,dfdc,frame,calibrated_0.35,auc,0.7437,0.0042,3
defax,dfdc,frame,calibrated_0.35,f1,0.3322,0.0048,3
defax,dfdc,frame,calibrated_0.35,precision,0.2317,0.0103,3
defax,dfdc,frame,calibrated_0.35,recall,0.5913,0.0395,3
defax,dfdc,frame,fixed_0.5,acc,0.762,0.0216,3
defax,dfdc,frame,fixed_0.5,auc,0.7437,0.0042,3
defax,dfdc,frame,fixed_0.5,f1,0.3351,0.0057,3
defax,dfdc,frame,fixed_0.5,precision,0.2409,0.0134,3
defax,dfdc,frame,fixed_0.5,recall,0.5564,0.0395,3
defax,dfdc,video,calibrated_0.35,acc,0.7572,0.0458,3
defax,dfdc,video,calibrated_0.35,auc,0.8073,0.0089,3
defax,dfdc,video,calibrated_0.35,f1,0.384,0.0386,3
defax,dfdc,video,calibrated_0.35,precision,0.2694,0.0435,3
defax,dfdc,video,calibrated_0.35,recall,0.6885,0.0293,3
defax,dfdc,video,fixed_0.5,acc,0.8522,0.0218,3
defax,dfdc,video,fixed_0.5,auc,0.8073,0.0089,3
defax,dfdc,video,fixed_0.5,f1,0.439,0.0096,3
defax,dfdc,video,fixed_0.5,precision,0.382,0.0493,3
defax,dfdc,video,fixed_0.5,recall,0.5355,0.0657,3
defax,ffpp,frame,calibrated_0.35,acc,0.9427,0.0022,3
defax,ffpp,frame,calibrated_0.35,auc,0.9749,0.0013,3
defax,ffpp,frame,calibrated_0.35,f1,0.8292,0.0096,3
defax,ffpp,frame,calibrated_0.35,precision,0.8242,0.0123,3
defax,ffpp,frame,calibrated_0.35,recall,0.8351,0.0286,3
defax,ffpp,frame,fixed_0.5,acc,0.9424,0.0026,3
defax,ffpp,frame,fixed_0.5,auc,0.9749,0.0013,3
defax,ffpp,frame,fixed_0.5,f1,0.8252,0.0116,3
defax,ffpp,frame,fixed_0.5,precision,0.8339,0.0128,3
defax,ffpp,frame,fixed_0.5,recall,0.8177,0.0321,3
defax,ffpp,video,calibrated_0.35,acc,0.9575,0.002,3
defax,ffpp,video,calibrated_0.35,auc,0.9886,0.0005,3
defax,ffpp,video,calibrated_0.35,f1,0.8764,0.0081,3
defax,ffpp,video,calibrated_0.35,precision,0.8506,0.0112,3
defax,ffpp,video,calibrated_0.35,recall,0.9048,0.0276,3
defax,ffpp,video,fixed_0.5,acc,0.9552,0.0049,3
defax,ffpp,video,fixed_0.5,auc,0.9886,0.0005,3
defax,ffpp,video,fixed_0.5,f1,0.8605,0.0189,3
defax,ffpp,video,fixed_0.5,precision,0.891,0.0084,3
defax,ffpp,video,fixed_0.5,recall,0.8333,0.041,3
mfsanet_A1,celebdf,frame,calibrated_0.35,acc,0.7353,0.0024,3
mfsanet_A1,celebdf,frame,calibrated_0.35,auc,0.7864,0.0143,3
mfsanet_A1,celebdf,frame,calibrated_0.35,f1,0.428,0.0098,3
mfsanet_A1,celebdf,frame,calibrated_0.35,precision,0.8317,0.0135,3
mfsanet_A1,celebdf,frame,calibrated_0.35,recall,0.2883,0.0096,3
mfsanet_A1,celebdf,frame,fixed_0.5,acc,0.7272,0.0017,3
mfsanet_A1,celebdf,frame,fixed_0.5,auc,0.7864,0.0143,3
mfsanet_A1,celebdf,frame,fixed_0.5,f1,0.3851,0.0124,3
mfsanet_A1,celebdf,frame,fixed_0.5,precision,0.8548,0.0157,3
mfsanet_A1,celebdf,frame,fixed_0.5,recall,0.2488,0.0115,3
mfsanet_A1,celebdf,video,calibrated_0.35,acc,0.7497,0.0046,3
mfsanet_A1,celebdf,video,calibrated_0.35,auc,0.8597,0.0125,3
mfsanet_A1,celebdf,video,calibrated_0.35,f1,0.44,0.0187,3
mfsanet_A1,celebdf,video,calibrated_0.35,precision,0.9511,0.0142,3
mfsanet_A1,celebdf,video,calibrated_0.35,recall,0.2865,0.0165,3
mfsanet_A1,celebdf,video,fixed_0.5,acc,0.7162,0.0042,3
mfsanet_A1,celebdf,video,fixed_0.5,auc,0.8597,0.0125,3
mfsanet_A1,celebdf,video,fixed_0.5,f1,0.2965,0.0177,3
mfsanet_A1,celebdf,video,fixed_0.5,precision,1.0,0.0,3
mfsanet_A1,celebdf,video,fixed_0.5,recall,0.1742,0.0121,3
mfsanet_A1,dfdc,frame,calibrated_0.35,acc,0.7601,0.003,3
mfsanet_A1,dfdc,frame,calibrated_0.35,auc,0.6909,0.0174,3
mfsanet_A1,dfdc,frame,calibrated_0.35,f1,0.315,0.0133,3
mfsanet_A1,dfdc,frame,calibrated_0.35,precision,0.2273,0.0076,3
mfsanet_A1,dfdc,frame,calibrated_0.35,recall,0.5135,0.033,3
mfsanet_A1,dfdc,frame,fixed_0.5,acc,0.7908,0.0079,3
mfsanet_A1,dfdc,frame,fixed_0.5,auc,0.6909,0.0174,3
mfsanet_A1,dfdc,frame,fixed_0.5,f1,0.324,0.0159,3
mfsanet_A1,dfdc,frame,fixed_0.5,precision,0.2485,0.014,3
mfsanet_A1,dfdc,frame,fixed_0.5,recall,0.4655,0.0185,3
mfsanet_A1,dfdc,video,calibrated_0.35,acc,0.7831,0.0055,3
mfsanet_A1,dfdc,video,calibrated_0.35,auc,0.7583,0.0292,3
mfsanet_A1,dfdc,video,calibrated_0.35,f1,0.3685,0.0163,3
mfsanet_A1,dfdc,video,calibrated_0.35,precision,0.2683,0.0118,3
mfsanet_A1,dfdc,video,calibrated_0.35,recall,0.5883,0.0273,3
mfsanet_A1,dfdc,video,fixed_0.5,acc,0.864,0.0117,3
mfsanet_A1,dfdc,video,fixed_0.5,auc,0.7583,0.0292,3
mfsanet_A1,dfdc,video,fixed_0.5,f1,0.3997,0.0245,3
mfsanet_A1,dfdc,video,fixed_0.5,precision,0.3838,0.0406,3
mfsanet_A1,dfdc,video,fixed_0.5,recall,0.4189,0.0112,3
mfsanet_A1,ffpp,frame,calibrated_0.35,acc,0.9377,0.0024,3
mfsanet_A1,ffpp,frame,calibrated_0.35,auc,0.9648,0.0015,3
mfsanet_A1,ffpp,frame,calibrated_0.35,f1,0.8109,0.0067,3
mfsanet_A1,ffpp,frame,calibrated_0.35,precision,0.821,0.0089,3
mfsanet_A1,ffpp,frame,calibrated_0.35,recall,0.8011,0.0049,3
mfsanet_A1,ffpp,frame,fixed_0.5,acc,0.937,0.0016,3
mfsanet_A1,ffpp,frame,fixed_0.5,auc,0.9648,0.0015,3
mfsanet_A1,ffpp,frame,fixed_0.5,f1,0.8034,0.0051,3
mfsanet_A1,ffpp,frame,fixed_0.5,precision,0.8369,0.0046,3
mfsanet_A1,ffpp,frame,fixed_0.5,recall,0.7724,0.006,3
mfsanet_A1,ffpp,video,calibrated_0.35,acc,0.9575,0.0015,3
mfsanet_A1,ffpp,video,calibrated_0.35,auc,0.9818,0.0005,3
mfsanet_A1,ffpp,video,calibrated_0.35,f1,0.8751,0.005,3
mfsanet_A1,ffpp,video,calibrated_0.35,precision,0.8581,0.0024,3
mfsanet_A1,ffpp,video,calibrated_0.35,recall,0.8929,0.0101,3
mfsanet_A1,ffpp,video,fixed_0.5,acc,0.9472,0.0037,3
mfsanet_A1,ffpp,video,fixed_0.5,auc,0.9818,0.0005,3
mfsanet_A1,ffpp,video,fixed_0.5,f1,0.8298,0.0154,3
mfsanet_A1,ffpp,video,fixed_0.5,precision,0.8958,0.0113,3
mfsanet_A1,ffpp,video,fixed_0.5,recall,0.7738,0.0321,3
mfsanet_A2,celebdf,frame,calibrated_0.35,acc,0.3437,0.0,3
mfsanet_A2,celebdf,frame,calibrated_0.35,auc,0.5042,0.0099,3
mfsanet_A2,celebdf,frame,calibrated_0.35,f1,0.5115,0.0,3
mfsanet_A2,celebdf,frame,calibrated_0.35,precision,0.3436,0.0,3
mfsanet_A2,celebdf,frame,calibrated_0.35,recall,0.9999,0.0001,3
mfsanet_A2,celebdf,frame,fixed_0.5,acc,0.6091,0.0353,3
mfsanet_A2,celebdf,frame,fixed_0.5,auc,0.5042,0.0099,3
mfsanet_A2,celebdf,frame,fixed_0.5,f1,0.1753,0.1266,3
mfsanet_A2,celebdf,frame,fixed_0.5,precision,0.2262,0.16,3
mfsanet_A2,celebdf,frame,fixed_0.5,recall,0.1452,0.1083,3
mfsanet_A2,celebdf,video,calibrated_0.35,acc,0.3436,0.0,3
mfsanet_A2,celebdf,video,calibrated_0.35,auc,0.5017,0.0199,3
mfsanet_A2,celebdf,video,calibrated_0.35,f1,0.5115,0.0,3
mfsanet_A2,celebdf,video,calibrated_0.35,precision,0.3436,0.0,3
mfsanet_A2,celebdf,video,calibrated_0.35,recall,1.0,0.0,3
mfsanet_A2,celebdf,video,fixed_0.5,acc,0.6486,0.0123,3
mfsanet_A2,celebdf,video,fixed_0.5,auc,0.5017,0.0199,3
mfsanet_A2,celebdf,video,fixed_0.5,f1,0.1045,0.0799,3
mfsanet_A2,celebdf,video,fixed_0.5,precision,0.3039,0.2215,3
mfsanet_A2,celebdf,video,fixed_0.5,recall,0.0655,0.0528,3
mfsanet_A2,dfdc,frame,calibrated_0.35,acc,0.1076,0.0,3
mfsanet_A2,dfdc,frame,calibrated_0.35,auc,0.5439,0.0063,3
mfsanet_A2,dfdc,frame,calibrated_0.35,f1,0.1943,0.0,3
mfsanet_A2,dfdc,frame,calibrated_0.35,precision,0.1076,0.0,3
mfsanet_A2,dfdc,frame,calibrated_0.35,recall,0.9999,0.0001,3
mfsanet_A2,dfdc,frame,fixed_0.5,acc,0.7644,0.0914,3
mfsanet_A2,dfdc,frame,fixed_0.5,auc,0.5439,0.0063,3
mfsanet_A2,dfdc,frame,fixed_0.5,f1,0.1172,0.083,3
mfsanet_A2,dfdc,frame,fixed_0.5,precision,0.0833,0.0589,3
mfsanet_A2,dfdc,frame,fixed_0.5,recall,0.1985,0.1421,3
mfsanet_A2,dfdc,video,calibrated_0.35,acc,0.1076,0.0,3
mfsanet_A2,dfdc,video,calibrated_0.35,auc,0.5687,0.0044,3
mfsanet_A2,dfdc,video,calibrated_0.35,f1,0.1943,0.0,3
mfsanet_A2,dfdc,video,calibrated_0.35,precision,0.1076,0.0,3
mfsanet_A2,dfdc,video,calibrated_0.35,recall,1.0,0.0,3
mfsanet_A2,dfdc,video,fixed_0.5,acc,0.8389,0.0511,3
mfsanet_A2,dfdc,video,fixed_0.5,auc,0.5687,0.0044,3
mfsanet_A2,dfdc,video,fixed_0.5,f1,0.1005,0.077,3
mfsanet_A2,dfdc,video,fixed_0.5,precision,0.1053,0.0747,3
mfsanet_A2,dfdc,video,fixed_0.5,recall,0.1111,0.1018,3
mfsanet_A2,ffpp,frame,calibrated_0.35,acc,0.1667,0.0,3
mfsanet_A2,ffpp,frame,calibrated_0.35,auc,0.5247,0.002,3
mfsanet_A2,ffpp,frame,calibrated_0.35,f1,0.2857,0.0,3
mfsanet_A2,ffpp,frame,calibrated_0.35,precision,0.1667,0.0,3
mfsanet_A2,ffpp,frame,calibrated_0.35,recall,1.0,0.0,3
mfsanet_A2,ffpp,frame,fixed_0.5,acc,0.6908,0.1045,3
mfsanet_A2,ffpp,frame,fixed_0.5,auc,0.5247,0.002,3
mfsanet_A2,ffpp,frame,fixed_0.5,f1,0.1618,0.115,3
mfsanet_A2,ffpp,frame,fixed_0.5,precision,0.1216,0.086,3
mfsanet_A2,ffpp,frame,fixed_0.5,recall,0.2458,0.1807,3
mfsanet_A2,ffpp,video,calibrated_0.35,acc,0.1667,0.0,3
mfsanet_A2,ffpp,video,calibrated_0.35,auc,0.5341,0.0036,3
mfsanet_A2,ffpp,video,calibrated_0.35,f1,0.2857,0.0,3
mfsanet_A2,ffpp,video,calibrated_0.35,precision,0.1667,0.0,3
mfsanet_A2,ffpp,video,calibrated_0.35,recall,1.0,0.0,3
mfsanet_A2,ffpp,video,fixed_0.5,acc,0.7278,0.0816,3
mfsanet_A2,ffpp,video,fixed_0.5,auc,0.5341,0.0036,3
mfsanet_A2,ffpp,video,fixed_0.5,f1,0.1458,0.1048,3
mfsanet_A2,ffpp,video,fixed_0.5,precision,0.1232,0.0871,3
mfsanet_A2,ffpp,video,fixed_0.5,recall,0.1857,0.1437,3
mfsanet_A3,celebdf,frame,calibrated_0.35,acc,0.7353,0.0129,3
mfsanet_A3,celebdf,frame,calibrated_0.35,auc,0.7862,0.0071,3
mfsanet_A3,celebdf,frame,calibrated_0.35,f1,0.4127,0.056,3
mfsanet_A3,celebdf,frame,calibrated_0.35,precision,0.8637,0.0119,3
mfsanet_A3,celebdf,frame,calibrated_0.35,recall,0.2736,0.0493,3
mfsanet_A3,celebdf,frame,fixed_0.5,acc,0.7289,0.0102,3
mfsanet_A3,celebdf,frame,fixed_0.5,auc,0.7862,0.0071,3
mfsanet_A3,celebdf,frame,fixed_0.5,f1,0.3816,0.0469,3
mfsanet_A3,celebdf,frame,fixed_0.5,precision,0.8794,0.0131,3
mfsanet_A3,celebdf,frame,fixed_0.5,recall,0.2453,0.0391,3
mfsanet_A3,celebdf,video,calibrated_0.35,acc,0.7426,0.0095,3
mfsanet_A3,celebdf,video,calibrated_0.35,auc,0.8696,0.0111,3
mfsanet_A3,celebdf,video,calibrated_0.35,f1,0.4119,0.0428,3
mfsanet_A3,celebdf,video,calibrated_0.35,precision,0.9573,0.0278,3
mfsanet_A3,celebdf,video,calibrated_0.35,recall,0.264,0.0375,3
mfsanet_A3,celebdf,video,fixed_0.5,acc,0.713,0.0174,3
mfsanet_A3,celebdf,video,fixed_0.5,auc,0.8696,0.0111,3
mfsanet_A3,celebdf,video,fixed_0.5,f1,0.2797,0.0751,3
mfsanet_A3,celebdf,video,fixed_0.5,precision,1.0,0.0,3
mfsanet_A3,celebdf,video,fixed_0.5,recall,0.1648,0.0505,3
mfsanet_A3,dfdc,frame,calibrated_0.35,acc,0.7844,0.0134,3
mfsanet_A3,dfdc,frame,calibrated_0.35,auc,0.7051,0.0037,3
mfsanet_A3,dfdc,frame,calibrated_0.35,f1,0.3331,0.0028,3
mfsanet_A3,dfdc,frame,calibrated_0.35,precision,0.2503,0.009,3
mfsanet_A3,dfdc,frame,calibrated_0.35,recall,0.5004,0.0267,3
mfsanet_A3,dfdc,frame,fixed_0.5,acc,0.8011,0.0113,3
mfsanet_A3,dfdc,frame,fixed_0.5,auc,0.7051,0.0037,3
mfsanet_A3,dfdc,frame,fixed_0.5,f1,0.3363,0.0051,3
mfsanet_A3,dfdc,frame,fixed_0.5,precision,0.2631,0.011,3
mfsanet_A3,dfdc,frame,fixed_0.5,recall,0.4682,0.0201,3
mfsanet_A3,dfdc,video,calibrated_0.35,acc,0.8083,0.0184,3
mfsanet_A3,dfdc,video,calibrated_0.35,auc,0.7858,0.0028,3
mfsanet_A3,dfdc,video,calibrated_0.35,f1,0.3995,0.0141,3
mfsanet_A3,dfdc,video,calibrated_0.35,precision,0.3033,0.0225,3
mfsanet_A3,dfdc,video,calibrated_0.35,recall,0.5902,0.0271,3
mfsanet_A3,dfdc,video,fixed_0.5,acc,0.8689,0.012,3
mfsanet_A3,dfdc,video,fixed_0.5,auc,0.7858,0.0028,3
mfsanet_A3,dfdc,video,fixed_0.5,f1,0.4053,0.0104,3
mfsanet_A3,dfdc,video,fixed_0.5,precision,0.4022,0.0365,3
mfsanet_A3,dfdc,video,fixed_0.5,recall,0.4153,0.0389,3
mfsanet_A3,ffpp,frame,calibrated_0.35,acc,0.9363,0.0022,3
mfsanet_A3,ffpp,frame,calibrated_0.35,auc,0.9664,0.0025,3
mfsanet_A3,ffpp,frame,calibrated_0.35,f1,0.8108,0.0083,3
mfsanet_A3,ffpp,frame,calibrated_0.35,precision,0.8031,0.0124,3
mfsanet_A3,ffpp,frame,calibrated_0.35,recall,0.8193,0.0224,3
mfsanet_A3,ffpp,frame,fixed_0.5,acc,0.936,0.0021,3
mfsanet_A3,ffpp,frame,fixed_0.5,auc,0.9664,0.0025,3
mfsanet_A3,ffpp,frame,fixed_0.5,f1,0.806,0.0088,3
mfsanet_A3,ffpp,frame,fixed_0.5,precision,0.8141,0.0077,3
mfsanet_A3,ffpp,frame,fixed_0.5,recall,0.7985,0.0209,3
mfsanet_A3,ffpp,video,calibrated_0.35,acc,0.9595,0.0017,3
mfsanet_A3,ffpp,video,calibrated_0.35,auc,0.9828,0.0018,3
mfsanet_A3,ffpp,video,calibrated_0.35,f1,0.8825,0.0042,3
mfsanet_A3,ffpp,video,calibrated_0.35,precision,0.8551,0.011,3
mfsanet_A3,ffpp,video,calibrated_0.35,recall,0.9119,0.0089,3
mfsanet_A3,ffpp,video,fixed_0.5,acc,0.952,0.0039,3
mfsanet_A3,ffpp,video,fixed_0.5,auc,0.9828,0.0018,3
mfsanet_A3,ffpp,video,fixed_0.5,f1,0.851,0.0138,3
mfsanet_A3,ffpp,video,fixed_0.5,precision,0.8803,0.005,3
mfsanet_A3,ffpp,video,fixed_0.5,recall,0.8238,0.0221,3
mfsanet_A4,celebdf,frame,calibrated_0.35,acc,0.7278,0.0067,3
mfsanet_A4,celebdf,frame,calibrated_0.35,auc,0.7694,0.0223,3
mfsanet_A4,celebdf,frame,calibrated_0.35,f1,0.386,0.0252,3
mfsanet_A4,celebdf,frame,calibrated_0.35,precision,0.8564,0.0115,3
mfsanet_A4,celebdf,frame,calibrated_0.35,recall,0.2494,0.0201,3
mfsanet_A4,celebdf,frame,fixed_0.5,acc,0.7179,0.0049,3
mfsanet_A4,celebdf,frame,fixed_0.5,auc,0.7694,0.0223,3
mfsanet_A4,celebdf,frame,fixed_0.5,f1,0.3341,0.0202,3
mfsanet_A4,celebdf,frame,fixed_0.5,precision,0.8829,0.0059,3
mfsanet_A4,celebdf,frame,fixed_0.5,recall,0.2062,0.015,3
mfsanet_A4,celebdf,video,calibrated_0.35,acc,0.7349,0.0073,3
mfsanet_A4,celebdf,video,calibrated_0.35,auc,0.8545,0.0128,3
mfsanet_A4,celebdf,video,calibrated_0.35,f1,0.3772,0.0274,3
mfsanet_A4,celebdf,video,calibrated_0.35,precision,0.9764,0.002,3
mfsanet_A4,celebdf,video,calibrated_0.35,recall,0.2341,0.0212,3
mfsanet_A4,celebdf,video,fixed_0.5,acc,0.7046,0.0042,3
mfsanet_A4,celebdf,video,fixed_0.5,auc,0.8545,0.0128,3
mfsanet_A4,celebdf,video,fixed_0.5,f1,0.2461,0.0185,3
mfsanet_A4,celebdf,video,fixed_0.5,precision,1.0,0.0,3
mfsanet_A4,celebdf,video,fixed_0.5,recall,0.1404,0.0121,3
mfsanet_A4,dfdc,frame,calibrated_0.35,acc,0.7755,0.0294,3
mfsanet_A4,dfdc,frame,calibrated_0.35,auc,0.7174,0.0089,3
mfsanet_A4,dfdc,frame,calibrated_0.35,f1,0.3328,0.0138,3
mfsanet_A4,dfdc,frame,calibrated_0.35,precision,0.248,0.0256,3
mfsanet_A4,dfdc,frame,calibrated_0.35,recall,0.5169,0.0404,3
mfsanet_A4,dfdc,frame,fixed_0.5,acc,0.807,0.0203,3
mfsanet_A4,dfdc,frame,fixed_0.5,auc,0.7174,0.0089,3
mfsanet_A4,dfdc,frame,fixed_0.5,f1,0.3373,0.0117,3
mfsanet_A4,dfdc,frame,fixed_0.5,precision,0.2704,0.0251,3
mfsanet_A4,dfdc,frame,fixed_0.5,recall,0.4546,0.0266,3
mfsanet_A4,dfdc,video,calibrated_0.35,acc,0.8029,0.0313,3
mfsanet_A4,dfdc,video,calibrated_0.35,auc,0.7864,0.0152,3
mfsanet_A4,dfdc,video,calibrated_0.35,f1,0.3922,0.0225,3
mfsanet_A4,dfdc,video,calibrated_0.35,precision,0.2993,0.0383,3
mfsanet_A4,dfdc,video,calibrated_0.35,recall,0.5847,0.0466,3
mfsanet_A4,dfdc,video,fixed_0.5,acc,0.8713,0.0163,3
mfsanet_A4,dfdc,video,fixed_0.5,auc,0.7864,0.0152,3
mfsanet_A4,dfdc,video,fixed_0.5,f1,0.4054,0.0323,3
mfsanet_A4,dfdc,video,fixed_0.5,precision,0.4126,0.0676,3
mfsanet_A4,dfdc,video,fixed_0.5,recall,0.4044,0.0194,3
mfsanet_A4,ffpp,frame,calibrated_0.35,acc,0.9348,0.002,3
mfsanet_A4,ffpp,frame,calibrated_0.35,auc,0.9597,0.0036,3
mfsanet_A4,ffpp,frame,calibrated_0.35,f1,0.8009,0.0066,3
mfsanet_A4,ffpp,frame,calibrated_0.35,precision,0.8151,0.0084,3
mfsanet_A4,ffpp,frame,calibrated_0.35,recall,0.7874,0.0112,3
mfsanet_A4,ffpp,frame,fixed_0.5,acc,0.9325,0.0017,3
mfsanet_A4,ffpp,frame,fixed_0.5,auc,0.9597,0.0036,3
mfsanet_A4,ffpp,frame,fixed_0.5,f1,0.7849,0.0086,3
mfsanet_A4,ffpp,frame,fixed_0.5,precision,0.8367,0.0098,3
mfsanet_A4,ffpp,frame,fixed_0.5,recall,0.7398,0.0212,3
mfsanet_A4,ffpp,video,calibrated_0.35,acc,0.9548,0.001,3
mfsanet_A4,ffpp,video,calibrated_0.35,auc,0.9816,0.0012,3
mfsanet_A4,ffpp,video,calibrated_0.35,f1,0.8655,0.0041,3
mfsanet_A4,ffpp,video,calibrated_0.35,precision,0.8575,0.0041,3
mfsanet_A4,ffpp,video,calibrated_0.35,recall,0.8738,0.0121,3
mfsanet_A4,ffpp,video,fixed_0.5,acc,0.9393,0.0039,3
mfsanet_A4,ffpp,video,fixed_0.5,auc,0.9816,0.0012,3
mfsanet_A4,ffpp,video,fixed_0.5,f1,0.8004,0.0193,3
mfsanet_A4,ffpp,video,fixed_0.5,precision,0.8836,0.015,3
mfsanet_A4,ffpp,video,fixed_0.5,recall,0.7333,0.0414,3
mfsanet_v3,celebdf,frame,calibrated_0.35,acc,0.9009,0.0154,3
mfsanet_v3,celebdf,frame,calibrated_0.35,auc,0.9765,0.0054,3
mfsanet_v3,celebdf,frame,calibrated_0.35,f1,0.8338,0.032,3
mfsanet_v3,celebdf,frame,calibrated_0.35,precision,0.9771,0.0107,3
mfsanet_v3,celebdf,frame,calibrated_0.35,recall,0.7293,0.0525,3
mfsanet_v3,celebdf,frame,fixed_0.5,acc,0.8809,0.0234,3
mfsanet_v3,celebdf,frame,fixed_0.5,auc,0.9765,0.0054,3
mfsanet_v3,celebdf,frame,fixed_0.5,f1,0.7913,0.0523,3
mfsanet_v3,celebdf,frame,fixed_0.5,precision,0.9801,0.0088,3
mfsanet_v3,celebdf,frame,fixed_0.5,recall,0.6675,0.0745,3
mfsanet_v3,celebdf,video,calibrated_0.35,acc,0.9273,0.0215,3
mfsanet_v3,celebdf,video,calibrated_0.35,auc,0.9964,0.0016,3
mfsanet_v3,celebdf,video,calibrated_0.35,f1,0.8807,0.0401,3
mfsanet_v3,celebdf,video,calibrated_0.35,precision,0.9956,0.0031,3
mfsanet_v3,celebdf,video,calibrated_0.35,recall,0.7921,0.065,3
mfsanet_v3,celebdf,video,fixed_0.5,acc,0.881,0.0364,3
mfsanet_v3,celebdf,video,fixed_0.5,auc,0.9964,0.0016,3
mfsanet_v3,celebdf,video,fixed_0.5,f1,0.7853,0.0811,3
mfsanet_v3,celebdf,video,fixed_0.5,precision,1.0,0.0,3
mfsanet_v3,celebdf,video,fixed_0.5,recall,0.6536,0.1058,3
mfsanet_v3,dfdc,frame,calibrated_0.35,acc,0.8535,0.0095,3
mfsanet_v3,dfdc,frame,calibrated_0.35,auc,0.7547,0.0106,3
mfsanet_v3,dfdc,frame,calibrated_0.35,f1,0.3738,0.0287,3
mfsanet_v3,dfdc,frame,calibrated_0.35,precision,0.348,0.02,3
mfsanet_v3,dfdc,frame,calibrated_0.35,recall,0.4095,0.0632,3
mfsanet_v3,dfdc,frame,fixed_0.5,acc,0.8656,0.0084,3
mfsanet_v3,dfdc,frame,fixed_0.5,auc,0.7547,0.0106,3
mfsanet_v3,dfdc,frame,fixed_0.5,f1,0.3561,0.044,3
mfsanet_v3,dfdc,frame,fixed_0.5,precision,0.3698,0.0204,3
mfsanet_v3,dfdc,frame,fixed_0.5,recall,0.3522,0.0794,3
mfsanet_v3,dfdc,video,calibrated_0.35,acc,0.8856,0.0082,3
mfsanet_v3,dfdc,video,calibrated_0.35,auc,0.8354,0.0082,3
mfsanet_v3,dfdc,video,calibrated_0.35,f1,0.4458,0.0559,3
mfsanet_v3,dfdc,video,calibrated_0.35,precision,0.4761,0.0271,3
mfsanet_v3,dfdc,video,calibrated_0.35,recall,0.4444,0.131,3
mfsanet_v3,dfdc,video,fixed_0.5,acc,0.8938,0.0026,3
mfsanet_v3,dfdc,video,fixed_0.5,auc,0.8354,0.0082,3
mfsanet_v3,dfdc,video,fixed_0.5,f1,0.3257,0.1177,3
mfsanet_v3,dfdc,video,fixed_0.5,precision,0.5023,0.0347,3
mfsanet_v3,dfdc,video,fixed_0.5,recall,0.2587,0.1275,3
mfsanet_v3,ffpp,frame,calibrated_0.35,acc,0.9303,0.0021,3
mfsanet_v3,ffpp,frame,calibrated_0.35,auc,0.9617,0.0024,3
mfsanet_v3,ffpp,frame,calibrated_0.35,f1,0.7817,0.0046,3
mfsanet_v3,ffpp,frame,calibrated_0.35,precision,0.8185,0.0135,3
mfsanet_v3,ffpp,frame,calibrated_0.35,recall,0.7482,0.0033,3
mfsanet_v3,ffpp,frame,fixed_0.5,acc,0.9266,0.0013,3
mfsanet_v3,ffpp,frame,fixed_0.5,auc,0.9617,0.0024,3
mfsanet_v3,ffpp,frame,fixed_0.5,f1,0.7597,0.0051,3
mfsanet_v3,ffpp,frame,fixed_0.5,precision,0.8371,0.0145,3
mfsanet_v3,ffpp,frame,fixed_0.5,recall,0.6958,0.0153,3
mfsanet_v3,ffpp,video,calibrated_0.35,acc,0.9496,0.0039,3
mfsanet_v3,ffpp,video,calibrated_0.35,auc,0.9824,0.0019,3
mfsanet_v3,ffpp,video,calibrated_0.35,f1,0.8455,0.0138,3
mfsanet_v3,ffpp,video,calibrated_0.35,precision,0.8643,0.0189,3
mfsanet_v3,ffpp,video,calibrated_0.35,recall,0.8286,0.0309,3
mfsanet_v3,ffpp,video,fixed_0.5,acc,0.9349,0.0031,3
mfsanet_v3,ffpp,video,fixed_0.5,auc,0.9824,0.0019,3
mfsanet_v3,ffpp,video,fixed_0.5,f1,0.775,0.0156,3
mfsanet_v3,ffpp,video,fixed_0.5,precision,0.9134,0.0088,3
mfsanet_v3,ffpp,video,fixed_0.5,recall,0.6738,0.0288,3
