model,dataset,level,threshold,metric,mean,std,n_seeds
mfsanet_A3,celebdf,frame,calibrated_0.35,acc,0.7353,0.0129,3
mfsanet_A3,celebdf,frame,calibrated_0.35,auc,0.7862,0.0071,3
mfsanet_A3,celebdf,frame,calibrated_0.35,f1,0.4127,0.0560,3
mfsanet_A3,celebdf,frame,calibrated_0.35,precision,0.8637,0.0119,3
mfsanet_A3,celebdf,frame,calibrated_0.35,recall,0.2736,0.0493,3
mfsanet_A3,celebdf,frame,fixed_0.5,acc,0.7289,0.0102,3
mfsanet_A3,celebdf,frame,fixed_0.5,auc,0.7862,0.0071,3
mfsanet_A3,celebdf,frame,fixed_0.5,f1,0.3816,0.0469,3
mfsanet_A3,celebdf,frame,fixed_0.5,precision,0.8794,0.0131,3
mfsanet_A3,celebdf,frame,fixed_0.5,recall,0.2453,0.0391,3
mfsanet_A3,celebdf,video,calibrated_0.35,acc,0.7426,0.0095,3
mfsanet_A3,celebdf,video,calibrated_0.35,auc,0.8696,0.0111,3
mfsanet_A3,celebdf,video,calibrated_0.35,f1,0.4119,0.0428,3
mfsanet_A3,celebdf,video,calibrated_0.35,precision,0.9573,0.0278,3
mfsanet_A3,celebdf,video,calibrated_0.35,recall,0.2640,0.0375,3
mfsanet_A3,celebdf,video,fixed_0.5,acc,0.7130,0.0174,3
mfsanet_A3,celebdf,video,fixed_0.5,auc,0.8696,0.0111,3
mfsanet_A3,celebdf,video,fixed_0.5,f1,0.2797,0.0751,3
mfsanet_A3,celebdf,video,fixed_0.5,precision,1.0000,0.0000,3
mfsanet_A3,celebdf,video,fixed_0.5,recall,0.1648,0.0505,3
mfsanet_A3,dfdc,frame,calibrated_0.35,acc,0.7844,0.0134,3
mfsanet_A3,dfdc,frame,calibrated_0.35,auc,0.7051,0.0037,3
mfsanet_A3,dfdc,frame,calibrated_0.35,f1,0.3331,0.0028,3
mfsanet_A3,dfdc,frame,calibrated_0.35,precision,0.2503,0.0090,3
mfsanet_A3,dfdc,frame,calibrated_0.35,recall,0.5004,0.0267,3
mfsanet_A3,dfdc,frame,fixed_0.5,acc,0.8011,0.0113,3
mfsanet_A3,dfdc,frame,fixed_0.5,auc,0.7051,0.0037,3
mfsanet_A3,dfdc,frame,fixed_0.5,f1,0.3363,0.0051,3
mfsanet_A3,dfdc,frame,fixed_0.5,precision,0.2631,0.0110,3
mfsanet_A3,dfdc,frame,fixed_0.5,recall,0.4682,0.0201,3
mfsanet_A3,dfdc,video,calibrated_0.35,acc,0.8083,0.0184,3
mfsanet_A3,dfdc,video,calibrated_0.35,auc,0.7858,0.0028,3
mfsanet_A3,dfdc,video,calibrated_0.35,f1,0.3995,0.0141,3
mfsanet_A3,dfdc,video,calibrated_0.35,precision,0.3033,0.0225,3
mfsanet_A3,dfdc,video,calibrated_0.35,recall,0.5902,0.0271,3
mfsanet_A3,dfdc,video,fixed_0.5,acc,0.8689,0.0120,3
mfsanet_A3,dfdc,video,fixed_0.5,auc,0.7858,0.0028,3
mfsanet_A3,dfdc,video,fixed_0.5,f1,0.4053,0.0104,3
mfsanet_A3,dfdc,video,fixed_0.5,precision,0.4022,0.0365,3
mfsanet_A3,dfdc,video,fixed_0.5,recall,0.4153,0.0389,3
mfsanet_A3,ffpp,frame,calibrated_0.35,acc,0.9363,0.0022,3
mfsanet_A3,ffpp,frame,calibrated_0.35,auc,0.9664,0.0025,3
mfsanet_A3,ffpp,frame,calibrated_0.35,f1,0.8108,0.0083,3
mfsanet_A3,ffpp,frame,calibrated_0.35,precision,0.8031,0.0124,3
mfsanet_A3,ffpp,frame,calibrated_0.35,recall,0.8193,0.0224,3
mfsanet_A3,ffpp,frame,fixed_0.5,acc,0.9360,0.0021,3
mfsanet_A3,ffpp,frame,fixed_0.5,auc,0.9664,0.0025,3
mfsanet_A3,ffpp,frame,fixed_0.5,f1,0.8060,0.0088,3
mfsanet_A3,ffpp,frame,fixed_0.5,precision,0.8141,0.0077,3
mfsanet_A3,ffpp,frame,fixed_0.5,recall,0.7985,0.0209,3
mfsanet_A3,ffpp,video,calibrated_0.35,acc,0.9595,0.0017,3
mfsanet_A3,ffpp,video,calibrated_0.35,auc,0.9828,0.0018,3
mfsanet_A3,ffpp,video,calibrated_0.35,f1,0.8825,0.0042,3
mfsanet_A3,ffpp,video,calibrated_0.35,precision,0.8551,0.0110,3
mfsanet_A3,ffpp,video,calibrated_0.35,recall,0.9119,0.0089,3
mfsanet_A3,ffpp,video,fixed_0.5,acc,0.9520,0.0039,3
mfsanet_A3,ffpp,video,fixed_0.5,auc,0.9828,0.0018,3
mfsanet_A3,ffpp,video,fixed_0.5,f1,0.8510,0.0138,3
mfsanet_A3,ffpp,video,fixed_0.5,precision,0.8803,0.0050,3
mfsanet_A3,ffpp,video,fixed_0.5,recall,0.8238,0.0221,3
