model,seed,dataset,level,threshold,metric,value
specxnet_da,42,ffpp,frame,fixed_0.5,auc,0.9494004081632653
specxnet_da,42,ffpp,frame,fixed_0.5,acc,0.9126785714285715
specxnet_da,42,ffpp,frame,fixed_0.5,precision,0.7398344728319539
specxnet_da,42,ffpp,frame,fixed_0.5,recall,0.7342857142857143
specxnet_da,42,ffpp,frame,fixed_0.5,f1,0.7370496504749955
specxnet_da,42,ffpp,frame,calibrated_0.35,auc,0.9494004081632653
specxnet_da,42,ffpp,frame,calibrated_0.35,acc,0.9113690476190476
specxnet_da,42,ffpp,frame,calibrated_0.35,precision,0.7247171751799795
specxnet_da,42,ffpp,frame,calibrated_0.35,recall,0.755
specxnet_da,42,ffpp,frame,calibrated_0.35,f1,0.7395487143606787
specxnet_da,42,ffpp,video,fixed_0.5,auc,0.9711122448979592
specxnet_da,42,ffpp,video,fixed_0.5,acc,0.9333333333333333
specxnet_da,42,ffpp,video,fixed_0.5,precision,0.8442622950819673
specxnet_da,42,ffpp,video,fixed_0.5,recall,0.7357142857142858
specxnet_da,42,ffpp,video,fixed_0.5,f1,0.7862595419847328
specxnet_da,42,ffpp,video,calibrated_0.35,auc,0.9711122448979592
specxnet_da,42,ffpp,video,calibrated_0.35,acc,0.9297619047619048
specxnet_da,42,ffpp,video,calibrated_0.35,precision,0.7579617834394905
specxnet_da,42,ffpp,video,calibrated_0.35,recall,0.85
specxnet_da,42,ffpp,video,calibrated_0.35,f1,0.8013468013468014
specxnet_da,42,celebdf,frame,fixed_0.5,auc,0.9682548331130205
specxnet_da,42,celebdf,frame,fixed_0.5,acc,0.9082046332046332
specxnet_da,42,celebdf,frame,fixed_0.5,precision,0.9537391304347826
specxnet_da,42,celebdf,frame,fixed_0.5,recall,0.7702247191011236
specxnet_da,42,celebdf,frame,fixed_0.5,f1,0.8522144522144522
specxnet_da,42,celebdf,frame,calibrated_0.35,auc,0.9682548331130205
specxnet_da,42,celebdf,frame,calibrated_0.35,acc,0.9128378378378378
specxnet_da,42,celebdf,frame,calibrated_0.35,precision,0.9489692463670159
specxnet_da,42,celebdf,frame,calibrated_0.35,recall,0.7887640449438202
specxnet_da,42,celebdf,frame,calibrated_0.35,f1,0.8614818223653935
specxnet_da,42,celebdf,video,fixed_0.5,auc,0.9918374091209516
specxnet_da,42,celebdf,video,fixed_0.5,acc,0.9285714285714286
specxnet_da,42,celebdf,video,fixed_0.5,precision,0.9862068965517241
specxnet_da,42,celebdf,video,fixed_0.5,recall,0.8033707865168539
specxnet_da,42,celebdf,video,fixed_0.5,f1,0.8854489164086687
specxnet_da,42,celebdf,video,calibrated_0.35,auc,0.9918374091209516
specxnet_da,42,celebdf,video,calibrated_0.35,acc,0.9536679536679536
specxnet_da,42,celebdf,video,calibrated_0.35,precision,0.98125
specxnet_da,42,celebdf,video,calibrated_0.35,recall,0.8820224719101124
specxnet_da,42,celebdf,video,calibrated_0.35,f1,0.9289940828402367
specxnet_da,42,dfdc,frame,fixed_0.5,auc,0.7175827231689669
specxnet_da,42,dfdc,frame,fixed_0.5,acc,0.8235743680188125
specxnet_da,42,dfdc,frame,fixed_0.5,precision,0.27137836782506836
specxnet_da,42,dfdc,frame,fixed_0.5,recall,0.3797814207650273
specxnet_da,42,dfdc,frame,fixed_0.5,f1,0.3165565930312002
specxnet_da,42,dfdc,frame,calibrated_0.35,auc,0.7175827231689669
specxnet_da,42,dfdc,frame,calibrated_0.35,acc,0.8087301587301587
specxnet_da,42,dfdc,frame,calibrated_0.35,precision,0.25695748676797
specxnet_da,42,dfdc,frame,calibrated_0.35,recall,0.41120218579234974
specxnet_da,42,dfdc,frame,calibrated_0.35,f1,0.3162761374382684
specxnet_da,42,dfdc,video,fixed_0.5,auc,0.7954743442982929
specxnet_da,42,dfdc,video,fixed_0.5,acc,0.8859494415049971
specxnet_da,42,dfdc,video,fixed_0.5,precision,0.45217391304347826
specxnet_da,42,dfdc,video,fixed_0.5,recall,0.28415300546448086
specxnet_da,42,dfdc,video,fixed_0.5,f1,0.348993288590604
specxnet_da,42,dfdc,video,calibrated_0.35,auc,0.7954743442982929
specxnet_da,42,dfdc,video,calibrated_0.35,acc,0.8600823045267489
specxnet_da,42,dfdc,video,calibrated_0.35,precision,0.38493723849372385
specxnet_da,42,dfdc,video,calibrated_0.35,recall,0.5027322404371585
specxnet_da,42,dfdc,video,calibrated_0.35,f1,0.43601895734597157
specxnet_da,43,ffpp,frame,fixed_0.5,auc,0.9453671428571429
specxnet_da,43,ffpp,frame,fixed_0.5,acc,0.9128571428571428
specxnet_da,43,ffpp,frame,fixed_0.5,precision,0.7464944649446494
specxnet_da,43,ffpp,frame,fixed_0.5,recall,0.7225
specxnet_da,43,ffpp,frame,fixed_0.5,f1,0.7343012704174229
specxnet_da,43,ffpp,frame,calibrated_0.35,auc,0.9453671428571429
specxnet_da,43,ffpp,frame,calibrated_0.35,acc,0.910952380952381
specxnet_da,43,ffpp,frame,calibrated_0.35,precision,0.723440712816998
specxnet_da,43,ffpp,frame,calibrated_0.35,recall,0.7539285714285714
specxnet_da,43,ffpp,frame,calibrated_0.35,f1,0.7383700594613501
specxnet_da,43,ffpp,video,fixed_0.5,auc,0.9718979591836735
specxnet_da,43,ffpp,video,fixed_0.5,acc,0.9357142857142857
specxnet_da,43,ffpp,video,fixed_0.5,precision,0.8524590163934426
specxnet_da,43,ffpp,video,fixed_0.5,recall,0.7428571428571429
specxnet_da,43,ffpp,video,fixed_0.5,f1,0.7938931297709924
specxnet_da,43,ffpp,video,calibrated_0.35,auc,0.9718979591836735
specxnet_da,43,ffpp,video,calibrated_0.35,acc,0.9333333333333333
specxnet_da,43,ffpp,video,calibrated_0.35,precision,0.7837837837837838
specxnet_da,43,ffpp,video,calibrated_0.35,recall,0.8285714285714286
specxnet_da,43,ffpp,video,calibrated_0.35,f1,0.8055555555555556
specxnet_da,43,celebdf,frame,fixed_0.5,auc,0.9774114342366159
specxnet_da,43,celebdf,frame,fixed_0.5,acc,0.8976833976833977
specxnet_da,43,celebdf,frame,fixed_0.5,precision,0.9716981132075472
specxnet_da,43,celebdf,frame,fixed_0.5,recall,0.723314606741573
specxnet_da,43,celebdf,frame,fixed_0.5,f1,0.8293075684380032
specxnet_da,43,celebdf,frame,calibrated_0.35,auc,0.9774114342366159
specxnet_da,43,celebdf,frame,calibrated_0.35,acc,0.9087837837837838
specxnet_da,43,celebdf,frame,calibrated_0.35,precision,0.9701546206400575
specxnet_da,43,celebdf,frame,calibrated_0.35,recall,0.7578651685393258
specxnet_da,43,celebdf,frame,calibrated_0.35,f1,0.8509698785680492
specxnet_da,43,celebdf,video,fixed_0.5,auc,0.9960178453403834
specxnet_da,43,celebdf,video,fixed_0.5,acc,0.9034749034749034
specxnet_da,43,celebdf,video,fixed_0.5,precision,1.0
specxnet_da,43,celebdf,video,fixed_0.5,recall,0.7191011235955056
specxnet_da,43,celebdf,video,fixed_0.5,f1,0.8366013071895425
specxnet_da,43,celebdf,video,calibrated_0.35,auc,0.9960178453403834
specxnet_da,43,celebdf,video,calibrated_0.35,acc,0.9517374517374517
specxnet_da,43,celebdf,video,calibrated_0.35,precision,0.9935483870967742
specxnet_da,43,celebdf,video,calibrated_0.35,recall,0.8651685393258427
specxnet_da,43,celebdf,video,calibrated_0.35,f1,0.924924924924925
specxnet_da,43,dfdc,frame,fixed_0.5,auc,0.7716250620963736
specxnet_da,43,dfdc,frame,fixed_0.5,acc,0.8282480893592005
specxnet_da,43,dfdc,frame,fixed_0.5,precision,0.30519364626093165
specxnet_da,43,dfdc,frame,fixed_0.5,recall,0.4672131147540984
specxnet_da,43,dfdc,frame,fixed_0.5,f1,0.36921083882111627
specxnet_da,43,dfdc,frame,calibrated_0.35,auc,0.7716250620963736
specxnet_da,43,dfdc,frame,calibrated_0.35,acc,0.8110523221634333
specxnet_da,43,dfdc,frame,calibrated_0.35,precision,0.28979343863912516
specxnet_da,43,dfdc,frame,calibrated_0.35,recall,0.521311475409836
specxnet_da,43,dfdc,frame,calibrated_0.35,f1,0.3725107379929715
specxnet_da,43,dfdc,video,fixed_0.5,auc,0.8490140175813732
specxnet_da,43,dfdc,video,fixed_0.5,acc,0.8883009994121105
specxnet_da,43,dfdc,video,fixed_0.5,precision,0.4785276073619632
specxnet_da,43,dfdc,video,fixed_0.5,recall,0.4262295081967213
specxnet_da,43,dfdc,video,fixed_0.5,f1,0.4508670520231214
specxnet_da,43,dfdc,video,calibrated_0.35,auc,0.8490140175813732
specxnet_da,43,dfdc,video,calibrated_0.35,acc,0.8406819517930629
specxnet_da,43,dfdc,video,calibrated_0.35,precision,0.3562091503267974
specxnet_da,43,dfdc,video,calibrated_0.35,recall,0.5956284153005464
specxnet_da,43,dfdc,video,calibrated_0.35,f1,0.4458077709611452
specxnet_da,44,ffpp,frame,fixed_0.5,auc,0.938214706632653
specxnet_da,44,ffpp,frame,fixed_0.5,acc,0.9171428571428571
specxnet_da,44,ffpp,frame,fixed_0.5,precision,0.7471910112359551
specxnet_da,44,ffpp,frame,fixed_0.5,recall,0.76
specxnet_da,44,ffpp,frame,fixed_0.5,f1,0.7535410764872521
specxnet_da,44,ffpp,frame,calibrated_0.35,auc,0.938214706632653
specxnet_da,44,ffpp,frame,calibrated_0.35,acc,0.9150595238095238
specxnet_da,44,ffpp,frame,calibrated_0.35,precision,0.7323181049069374
specxnet_da,44,ffpp,frame,calibrated_0.35,recall,0.7728571428571429
specxnet_da,44,ffpp,frame,calibrated_0.35,f1,0.7520417028670721
specxnet_da,44,ffpp,video,fixed_0.5,auc,0.9701224489795919
specxnet_da,44,ffpp,video,fixed_0.5,acc,0.9392857142857143
specxnet_da,44,ffpp,video,fixed_0.5,precision,0.8396946564885496
specxnet_da,44,ffpp,video,fixed_0.5,recall,0.7857142857142857
specxnet_da,44,ffpp,video,fixed_0.5,f1,0.8118081180811808
specxnet_da,44,ffpp,video,calibrated_0.35,auc,0.9701224489795919
specxnet_da,44,ffpp,video,calibrated_0.35,acc,0.9345238095238095
specxnet_da,44,ffpp,video,calibrated_0.35,precision,0.7707006369426752
specxnet_da,44,ffpp,video,calibrated_0.35,recall,0.8642857142857143
specxnet_da,44,ffpp,video,calibrated_0.35,f1,0.8148148148148148
specxnet_da,44,celebdf,frame,fixed_0.5,auc,0.9631271273959023
specxnet_da,44,celebdf,frame,fixed_0.5,acc,0.8997104247104247
specxnet_da,44,celebdf,frame,fixed_0.5,precision,0.9751225028269883
specxnet_da,44,celebdf,frame,fixed_0.5,recall,0.726685393258427
specxnet_da,44,celebdf,frame,fixed_0.5,f1,0.8327699983904716
specxnet_da,44,celebdf,frame,calibrated_0.35,auc,0.9631271273959023
specxnet_da,44,celebdf,frame,calibrated_0.35,acc,0.9049227799227799
specxnet_da,44,celebdf,frame,calibrated_0.35,precision,0.9731716280779126
specxnet_da,44,celebdf,frame,calibrated_0.35,recall,0.7438202247191011
specxnet_da,44,celebdf,frame,calibrated_0.35,f1,0.8431778379238974
specxnet_da,44,celebdf,video,fixed_0.5,auc,0.9946463978849968
specxnet_da,44,celebdf,video,fixed_0.5,acc,0.9073359073359073
specxnet_da,44,celebdf,video,fixed_0.5,precision,0.9924242424242424
specxnet_da,44,celebdf,video,fixed_0.5,recall,0.7359550561797753
specxnet_da,44,celebdf,video,fixed_0.5,f1,0.8451612903225807
specxnet_da,44,celebdf,video,calibrated_0.35,auc,0.9946463978849968
specxnet_da,44,celebdf,video,calibrated_0.35,acc,0.9459459459459459
specxnet_da,44,celebdf,video,calibrated_0.35,precision,0.987012987012987
specxnet_da,44,celebdf,video,calibrated_0.35,recall,0.8539325842696629
specxnet_da,44,celebdf,video,calibrated_0.35,f1,0.9156626506024096
specxnet_da,44,dfdc,frame,fixed_0.5,auc,0.7331753925570746
specxnet_da,44,dfdc,frame,fixed_0.5,acc,0.8076131687242798
specxnet_da,44,dfdc,frame,fixed_0.5,precision,0.2679749075116616
specxnet_da,44,dfdc,frame,fixed_0.5,recall,0.4551912568306011
specxnet_da,44,dfdc,frame,fixed_0.5,f1,0.3373493975903614
specxnet_da,44,dfdc,frame,calibrated_0.35,auc,0.7331753925570746
specxnet_da,44,dfdc,frame,calibrated_0.35,acc,0.7938271604938272
specxnet_da,44,dfdc,frame,calibrated_0.35,precision,0.2563208369659983
specxnet_da,44,dfdc,frame,calibrated_0.35,recall,0.4819672131147541
specxnet_da,44,dfdc,frame,calibrated_0.35,f1,0.3346613545816733
specxnet_da,44,dfdc,video,fixed_0.5,auc,0.8140852574209667
specxnet_da,44,dfdc,video,fixed_0.5,acc,0.8788947677836567
specxnet_da,44,dfdc,video,fixed_0.5,precision,0.4303030303030303
specxnet_da,44,dfdc,video,fixed_0.5,recall,0.3879781420765027
specxnet_da,44,dfdc,video,fixed_0.5,f1,0.40804597701149425
specxnet_da,44,dfdc,video,calibrated_0.35,auc,0.8140852574209667
specxnet_da,44,dfdc,video,calibrated_0.35,acc,0.8330393885949442
specxnet_da,44,dfdc,video,calibrated_0.35,precision,0.34169278996865204
specxnet_da,44,dfdc,video,calibrated_0.35,recall,0.5956284153005464
specxnet_da,44,dfdc,video,calibrated_0.35,f1,0.4342629482071713
